image_id,file_name,width,height,track_id,bbox_x,bbox_y,bbox_w,bbox_h,keypoints,bbox_area_ratio,mean_leg_conf,lh_conf,rh_conf,lk_conf,rk_conf,knee_asym,hip_tilt
10,000010.jpg,1920,1080,1,903.8052978515624,112.01641845703124,1209.060791015625,906.0379028320312,"[1084.5040283203125, 191.43438720703125, 2.0, 1084.9080810546875, 178.32774353027344, 0.0, 1078.4840087890625, 176.62527465820312, 2.0, 1025.61767578125, 182.47073364257812, 2.0, 1043.8240966796875, 183.9114990234375, 2.0, 957.51416015625, 271.91070556640625, 2.0, 1056.0751953125, 272.2847595214844, 2.0, 975.831298828125, 392.27392578125, 2.0, 1099.8846435546875, 378.5150146484375, 2.0, 1075.14892578125, 472.5957946777344, 2.0, 1143.7403564453125, 474.7663269042969, 2.0, 969.6376342773438, 486.1328430175781, 2.0, 1047.437744140625, 488.0487060546875, 2.0, 962.830078125, 670.0061645507812, 2.0, 1114.0438232421875, 666.2279663085938, 2.0, 949.1215209960938, 852.4292602539062, 2.0, 1151.3038330078125, 848.9301147460938, 2.0]",0.5282865082408534,2.0,2.0,2.0,2.0,2.0,0.0799515101761515,0.0246176746049607
11,000011.jpg,1920,1080,1,880.9844970703125,114.27163696289062,1187.156982421875,903.4735717773438,"[1087.5040283203125, 198.80677795410156, 2.0, 1088.17333984375, 184.4894256591797, 0.0, 1080.2135009765625, 183.28012084960938, 2.0, 1032.1512451171875, 187.3556365966797, 2.0, 1053.772216796875, 190.26507568359375, 2.0, 961.4644775390625, 273.21087646484375, 2.0, 1070.87646484375, 281.8622131347656, 2.0, 949.3006591796875, 390.6751403808594, 2.0, 1109.6407470703125, 399.0751647949219, 2.0, 1012.9228515625, 455.48455810546875, 2.0, 1151.227294921875, 502.82952880859375, 2.0, 980.5759887695312, 490.4358215332031, 2.0, 1060.4835205078125, 498.806396484375, 2.0, 981.5496826171875, 662.2733764648438, 2.0, 1106.230224609375, 691.566650390625, 2.0, 923.6140747070312, 804.3980712890625, 2.0, 1089.2664794921875, 862.1953125, 2.0]",0.5172477619449772,2.0,2.0,2.0,2.0,2.0,0.3270115121131185,0.1041819151318738
12,000012.jpg,1920,1080,1,881.2913818359375,102.26541137695312,1192.7222900390625,909.8212280273438,"[1079.2738037109375, 175.01730346679688, 2.0, 1076.3653564453125, 158.3368377685547, 0.0, 1072.572509765625, 158.2807159423828, 2.0, 1017.4217529296875, 166.75411987304688, 2.0, 1055.1220703125, 171.2427520751953, 2.0, 949.7459106445312, 262.531005859375, 2.0, 1078.491943359375, 265.7855529785156, 2.0, 912.5050048828125, 389.39678955078125, 2.0, 1129.157470703125, 378.8704833984375, 2.0, 921.1402587890625, 484.333740234375, 2.0, 1154.04638671875, 480.8119201660156, 2.0, 968.842529296875, 476.8084716796875, 2.0, 1046.5975341796875, 480.5050964355469, 2.0, 1001.7367553710938, 665.2620849609375, 2.0, 1055.620361328125, 676.1213989257812, 2.0, 1003.998779296875, 841.4432983398438, 2.0, 1024.067138671875, 859.0302124023438, 2.0]",0.5233237165407627,2.0,2.0,2.0,2.0,2.0,0.058082893346737,0.0474877054062517
14,000014.jpg,1920,1080,1,869.9571533203125,117.1358642578125,1176.8990478515625,899.3663330078125,"[1046.5455322265625, 194.38998413085938, 0.0, 1041.582763671875, 178.1413116455078, 0.0, 1046.446044921875, 177.1434326171875, 0.0, 992.7632446289062, 186.34860229492188, 2.0, 1065.5885009765625, 187.07862854003906, 2.0, 948.5585327148438, 274.09954833984375, 2.0, 1099.4669189453125, 270.84326171875, 2.0, 907.364501953125, 390.1489562988281, 2.0, 1135.678955078125, 384.056396484375, 2.0, 892.7091674804688, 471.35211181640625, 2.0, 1139.565673828125, 481.8868408203125, 2.0, 973.3829956054688, 492.71240234375, 2.0, 1070.4539794921875, 491.24652099609375, 2.0, 995.3256225585938, 673.2046508789062, 2.0, 1081.341552734375, 666.7936401367188, 2.0, 997.0203247070312, 844.7605590820312, 2.0, 1054.7042236328125, 831.8287353515625, 2.0]",0.510447232343097,2.0,2.0,2.0,2.0,2.0,0.0611510145650656,0.0150992508497477
16,000016.jpg,1920,1080,1,967.4430541992188,140.64781188964844,1234.957763671875,901.2274169921876,"[1126.2239990234375, 220.02305603027344, 0.0, 1124.77587890625, 206.06100463867188, 0.0, 1126.1524658203125, 204.5071563720703, 0.0, 1071.040283203125, 214.96556091308594, 2.0, 1134.0316162109375, 215.3350067138672, 2.0, 1017.4359741210938, 302.1518859863281, 2.0, 1163.7984619140625, 300.78814697265625, 2.0, 992.9487915039062, 423.3338317871094, 2.0, 1193.465087890625, 413.4866027832031, 2.0, 1037.1881103515625, 480.948486328125, 2.0, 1209.029541015625, 498.0976257324219, 2.0, 1047.961669921875, 513.2356567382812, 2.0, 1151.2459716796875, 515.0637817382812, 2.0, 1045.2366943359375, 674.649169921875, 2.0, 1166.6778564453125, 686.7669677734375, 2.0, 1018.2074584960938, 829.5618896484375, 2.0, 1157.682373046875, 858.9402465820312, 2.0]",0.5367369769716687,2.0,2.0,2.0,2.0,2.0,0.106085134451043,0.0176969876112895
18,000018.jpg,1920,1080,1,1000.6480102539062,172.00030517578125,1308.219970703125,881.783203125,"[1161.6412353515625, 247.06356811523438, 0.0, 1159.893798828125, 231.9412078857422, 0.0, 1167.05419921875, 233.5212860107422, 0.0, 1140.34716796875, 236.9600830078125, 2.0, 1207.04736328125, 238.55165100097656, 2.0, 1115.099365234375, 313.5979309082031, 2.0, 1244.0911865234375, 311.0677795410156, 2.0, 1069.0302734375, 421.7331848144531, 2.0, 1280.4080810546875, 422.0218505859375, 2.0, 1036.102783203125, 492.2734069824219, 2.0, 1266.2469482421875, 496.2125244140625, 2.0, 1131.6494140625, 507.881103515625, 2.0, 1214.149658203125, 507.19622802734375, 2.0, 1132.7620849609375, 664.1577758789062, 2.0, 1203.9642333984375, 671.0640258789062, 2.0, 1153.7830810546875, 813.9942626953125, 2.0, 1197.318603515625, 826.65771484375, 2.0]",0.5563109549376424,2.0,2.0,2.0,2.0,2.0,0.0957940883643436,0.0083011098544867
21,000021.jpg,1920,1080,1,1062.4443359375,208.771728515625,1325.5042724609375,873.218994140625,"[1151.8638916015625, 278.9518737792969, 2.0, 1155.654541015625, 265.73236083984375, 2.0, 1162.6519775390625, 265.497314453125, 0.0, 1166.90673828125, 272.9620056152344, 2.0, 1217.845947265625, 271.27703857421875, 2.0, 1146.7708740234375, 346.0339050292969, 2.0, 1267.1300048828125, 343.051025390625, 2.0, 1089.3385009765625, 428.9632873535156, 2.0, 1293.6796875, 443.36297607421875, 2.0, 1092.2686767578125, 496.878662109375, 2.0, 1299.693603515625, 529.4448852539062, 2.0, 1166.5740966796875, 524.0507202148438, 2.0, 1242.26171875, 520.0971069335938, 2.0, 1171.5404052734375, 679.90185546875, 2.0, 1230.78564453125, 667.8444213867188, 2.0, 1190.8839111328125, 817.8131103515625, 2.0, 1231.6978759765625, 797.1356201171875, 2.0]",0.55818649089865,2.0,2.0,2.0,2.0,2.0,0.1020941960178415,0.052164121345285
22,000022.jpg,1920,1080,1,1038.8118896484375,212.11038208007807,1304.630859375,857.31103515625,"[1146.038330078125, 278.54583740234375, 2.0, 1148.7674560546875, 265.0064697265625, 2.0, 1157.676025390625, 267.11077880859375, 0.0, 1166.8416748046875, 271.37847900390625, 2.0, 1214.6849365234375, 271.591796875, 2.0, 1143.7066650390625, 341.1650695800781, 2.0, 1259.9697265625, 346.0252990722656, 2.0, 1092.1309814453125, 434.73468017578125, 2.0, 1285.8680419921875, 450.8167419433594, 2.0, 1069.089111328125, 505.4737548828125, 2.0, 1275.0482177734375, 522.5231323242188, 2.0, 1158.3360595703125, 525.1334228515625, 2.0, 1233.943359375, 529.762939453125, 2.0, 1134.6199951171875, 664.7985229492188, 2.0, 1217.98974609375, 685.3988037109375, 2.0, 1151.2027587890625, 790.7858276367188, 2.0, 1226.8624267578125, 816.4442138671875, 2.0]",0.5393877471776473,2.0,2.0,2.0,2.0,2.0,0.195208630826247,0.0611158094960203
37,000037.jpg,1920,1080,1,801.4330444335938,231.2655029296875,1252.3822021484375,985.9161987304688,"[866.106689453125, 333.3541259765625, 2.0, 866.092529296875, 317.00140380859375, 2.0, 859.489013671875, 316.9933166503906, 0.0, 900.4135131835938, 293.89654541015625, 2.0, 897.2096557617188, 294.2560119628906, 0.0, 962.0484619140625, 335.30145263671875, 2.0, 1002.8518676757812, 339.32110595703125, 2.0, 1010.3208618164062, 483.0118408203125, 2.0, 1051.8829345703125, 500.9505920410156, 2.0, 992.173828125, 614.0567016601562, 2.0, 1002.5805053710938, 608.3140258789062, 2.0, 1145.135498046875, 493.162353515625, 2.0, 1171.3927001953125, 496.7275085449219, 2.0, 1104.747802734375, 731.9940185546875, 2.0, 1144.9146728515625, 729.7179565429688, 2.0, 1108.1400146484375, 964.1072998046875, 2.0, 1143.5836181640625, 939.2152099609375, 2.0]",0.5954590567611309,2.0,2.0,2.0,2.0,2.0,0.2917952733847617,0.1345385592469605
38,000038.jpg,1920,1080,1,799.5562133789062,207.3575134277344,1255.9432373046875,1004.779052734375,"[842.786376953125, 316.7802429199219, 2.0, 841.8198852539062, 302.11273193359375, 2.0, 841.892822265625, 299.92071533203125, 0.0, 876.7549438476562, 284.62591552734375, 2.0, 889.5994873046875, 278.1669006347656, 0.0, 948.9933471679688, 333.0706787109375, 2.0, 992.8165893554688, 328.37432861328125, 2.0, 1003.1165771484375, 493.3099670410156, 2.0, 1034.2855224609375, 496.4725341796875, 2.0, 968.8782958984375, 631.8416137695312, 2.0, 977.895263671875, 616.695556640625, 2.0, 1148.694580078125, 498.12005615234375, 2.0, 1176.4566650390625, 498.06976318359375, 2.0, 1105.3787841796875, 746.6099853515625, 2.0, 1141.7889404296875, 740.2296752929688, 2.0, 1115.0606689453125, 980.885009765625, 2.0, 1146.619384765625, 954.1840209960938, 2.0]",0.6085770911782158,2.0,2.0,2.0,2.0,2.0,0.2740378299986621,0.0018115020826587
39,000039.jpg,1920,1080,1,814.3225708007812,184.66845703125,1258.3587646484375,1025.4376220703125,"[863.2432861328125, 279.2908935546875, 2.0, 872.67041015625, 259.20135498046875, 2.0, 848.4783935546875, 262.07000732421875, 2.0, 920.0794067382812, 253.3538360595703, 2.0, 866.3137817382812, 261.2994079589844, 0.0, 974.712890625, 330.0973815917969, 2.0, 968.6279296875, 337.5116271972656, 2.0, 966.9752807617188, 495.7185363769531, 2.0, 967.0827026367188, 495.4486083984375, 2.0, 920.565185546875, 629.9778442382812, 2.0, 916.6961669921875, 602.16552734375, 2.0, 1166.207763671875, 496.969482421875, 2.0, 1161.2191162109375, 503.421142578125, 2.0, 1096.693359375, 737.9586181640625, 2.0, 1141.8831787109375, 742.579345703125, 2.0, 1103.1112060546875, 989.5693359375, 2.0, 1152.016845703125, 972.246337890625, 2.0]",0.6222841528416424,2.0,2.0,2.0,2.0,2.0,1.333446318558813,0.7909937546842876
40,000040.jpg,1920,1080,1,814.3824462890625,184.302978515625,1260.251708984375,1020.3667602539062,"[868.0270385742188, 265.4198303222656, 2.0, 880.6221313476562, 247.0763397216797, 2.0, 855.4727783203125, 248.73934936523438, 2.0, 929.8992919921875, 247.47418212890625, 2.0, 870.3009033203125, 252.21347045898438, 0.0, 984.547119140625, 328.5903625488281, 2.0, 951.7083129882812, 330.9315490722656, 2.0, 954.2763061523438, 493.42437744140625, 2.0, 925.3643188476562, 440.7705993652344, 2.0, 880.565185546875, 630.8450317382812, 2.0, 858.9259643554688, 440.6761779785156, 2.0, 1168.177001953125, 510.0610046386719, 2.0, 1143.8929443359375, 516.185791015625, 2.0, 1117.42578125, 767.6868896484375, 2.0, 1137.3548583984375, 774.0548095703125, 2.0, 1131.05712890625, 991.9031982421875, 2.0, 1158.79736328125, 976.5320434570312, 2.0]",0.6201383841632115,2.0,2.0,2.0,2.0,2.0,0.1846758680383967,0.2445460917203087
43,000043.jpg,1920,1080,1,776.96435546875,205.1619873046875,1291.292724609375,1063.854248046875,"[823.6994018554688, 333.1640625, 2.0, 823.0578002929688, 316.0603942871094, 2.0, 825.9741821289062, 317.4508056640625, 0.0, 867.39404296875, 283.4488220214844, 2.0, 886.1171264648438, 285.01019287109375, 0.0, 953.9754638671875, 333.36126708984375, 2.0, 988.663330078125, 334.60235595703125, 2.0, 975.1890258789062, 526.2301635742188, 2.0, 990.7276611328125, 510.2095947265625, 2.0, 924.1446533203125, 696.8533935546875, 2.0, 910.2136840820312, 619.9806518554688, 2.0, 1168.6165771484375, 553.9992065429688, 2.0, 1197.9200439453125, 557.2987060546875, 2.0, 1090.7008056640625, 851.9224243164062, 2.0, 1173.7950439453125, 848.9711303710938, 2.0, 1118.724853515625, 1055.933837890625, 2.0, 1210.80615234375, 1024.975341796875, 0.0]",0.6624938515372816,2.0,2.0,2.0,2.0,2.0,0.5179755396266639,0.1118867358328692
44,000044.jpg,1920,1080,1,764.547119140625,219.93255615234372,1296.311767578125,1070.1943359375,"[815.47705078125, 364.6217956542969, 2.0, 811.0924682617188, 346.8255920410156, 2.0, 815.5206298828125, 347.9923400878906, 0.0, 850.5415649414062, 308.4208984375, 2.0, 874.56591796875, 309.06353759765625, 0.0, 947.671142578125, 355.7806091308594, 2.0, 984.454345703125, 350.4857482910156, 2.0, 1001.6046752929688, 570.7774658203125, 2.0, 1032.5194091796875, 561.0034790039062, 2.0, 974.1590576171875, 735.5145874023438, 2.0, 988.4456176757812, 722.2840576171875, 2.0, 1174.6339111328125, 567.5399169921875, 2.0, 1202.2186279296875, 568.4488525390625, 2.0, 1104.9873046875, 867.369873046875, 2.0, 1164.9503173828125, 860.2717895507812, 2.0, 1132.990234375, 1071.19775390625, 2.0, 1189.910888671875, 1039.9859619140625, 0.0]",0.6690323646176882,2.0,2.0,2.0,2.0,2.0,0.4934527568955741,0.0329316267295029
45,000045.jpg,1920,1080,1,753.8944091796875,229.8384704589844,1311.7200927734375,1068.7047119140625,"[812.4551391601562, 365.8817443847656, 2.0, 807.54736328125, 349.61279296875, 2.0, 810.817626953125, 347.66888427734375, 0.0, 839.9022216796875, 315.1447448730469, 2.0, 865.6754150390625, 307.28778076171875, 0.0, 938.7006225585938, 364.4970703125, 2.0, 982.3182373046875, 348.69891357421875, 2.0, 1019.5347290039062, 580.157958984375, 2.0, 1050.60546875, 556.8681030273438, 2.0, 990.1509399414062, 727.6558837890625, 2.0, 999.6381225585938, 715.4771728515625, 2.0, 1184.0714111328125, 570.8836059570312, 2.0, 1217.7379150390625, 567.3682861328125, 2.0, 1098.7445068359375, 865.4617919921875, 2.0, 1167.804931640625, 851.3331298828125, 2.0, 1123.3179931640625, 1065.3826904296875, 0.0, 1201.937255859375, 1025.9512939453125, 0.0]",0.6760423629722819,2.0,2.0,2.0,2.0,2.0,0.5425478570673927,0.1038482823908216
46,000046.jpg,1920,1080,1,744.6589965820312,223.4615478515625,1314.0523681640625,1069.07275390625,"[803.1193237304688, 378.1830139160156, 2.0, 799.3566284179688, 360.7680358886719, 2.0, 801.4006958007812, 359.7544860839844, 0.0, 838.9268188476562, 321.62750244140625, 2.0, 863.9974365234375, 315.498046875, 0.0, 936.2301635742188, 370.58038330078125, 2.0, 994.8218994140625, 354.9214782714844, 2.0, 1011.3067626953125, 581.5761108398438, 2.0, 1056.2425537109375, 560.382568359375, 2.0, 981.035400390625, 728.6998291015625, 2.0, 992.8272094726562, 729.3922729492188, 2.0, 1183.4739990234375, 584.9093627929688, 2.0, 1226.5364990234375, 581.0388793945312, 2.0, 1089.444091796875, 874.8461303710938, 2.0, 1162.4232177734375, 864.5315551757812, 2.0, 1114.067626953125, 1070.177490234375, 2.0, 1188.4888916015625, 1036.3868408203125, 0.0]",0.6774776157456519,2.0,2.0,2.0,2.0,2.0,0.3272906281019801,0.0895176647292937
103,000103.jpg,1920,1080,1,800.270751953125,161.61209106445312,1191.328369140625,891.3169555664062,"[884.1107177734375, 232.8160400390625, 2.0, 890.9972534179688, 217.29359436035156, 2.0, 867.2862548828125, 219.5836639404297, 2.0, 899.3677978515625, 214.38729858398438, 2.0, 849.1272583007812, 220.27249145507812, 2.0, 915.2466430664062, 277.6234130859375, 2.0, 911.4503173828125, 286.6781921386719, 2.0, 887.4706420898438, 401.2281188964844, 2.0, 893.4690551757812, 402.8761901855469, 2.0, 881.0985717773438, 486.5598449707031, 2.0, 865.01025390625, 498.0196838378906, 2.0, 1097.5230712890625, 450.4361572265625, 2.0, 1100.7542724609375, 461.1095886230469, 2.0, 961.5271606445312, 626.6116333007812, 2.0, 1047.0679931640625, 645.327880859375, 2.0, 973.9398193359375, 840.9708862304688, 2.0, 1104.6993408203125, 851.065673828125, 2.0]",0.5120810064922423,2.0,2.0,2.0,2.0,2.0,2.750668567766531,0.9570174953469782
129,000129.jpg,1920,1080,1,876.1986694335938,189.31344604492188,1106.4276123046875,747.8274536132812,"[1059.48828125, 264.1683654785156, 2.0, 1071.6192626953125, 251.63868713378906, 2.0, 1045.685791015625, 252.03543090820312, 2.0, 1084.3504638671875, 252.38003540039062, 2.0, 1022.30078125, 255.06781005859375, 2.0, 1059.443603515625, 315.90057373046875, 2.0, 993.174560546875, 312.5973815917969, 2.0, 1039.2059326171875, 398.0594177246094, 2.0, 966.1774291992188, 402.0466003417969, 2.0, 1064.806396484375, 439.7236633300781, 2.0, 1024.5458984375, 458.2579650878906, 2.0, 985.19921875, 441.6090087890625, 2.0, 940.2374877929688, 444.3788757324219, 2.0, 1054.4608154296875, 545.1748046875, 2.0, 1016.8685913085938, 558.9263916015625, 2.0, 986.6739501953125, 671.6381225585938, 2.0, 957.4180908203125, 704.4473876953125, 2.0]",0.3990243749600874,2.0,2.0,2.0,2.0,2.0,0.2935816342620003,0.0614870549458087
130,000130.jpg,1920,1080,1,885.1752319335938,211.29766845703125,1117.3170166015625,740.8795166015625,"[1062.0771484375, 289.00030517578125, 2.0, 1074.6600341796875, 276.8439025878906, 2.0, 1049.115478515625, 276.81707763671875, 2.0, 1090.810546875, 277.1914978027344, 2.0, 1028.092041015625, 278.5050354003906, 2.0, 1068.9915771484375, 335.4140625, 2.0, 997.5470581054688, 331.4424133300781, 2.0, 1051.0233154296875, 413.59515380859375, 2.0, 968.4803466796875, 418.9630126953125, 2.0, 1066.8826904296875, 446.7078552246094, 2.0, 1022.1668701171875, 463.7408752441406, 2.0, 992.4534912109375, 446.0661926269531, 2.0, 945.145751953125, 447.9128112792969, 2.0, 1066.3187255859375, 532.3798828125, 2.0, 1029.46435546875, 539.2205200195312, 2.0, 1004.442138671875, 671.2520751953125, 2.0, 982.6903076171875, 691.3004150390625, 2.0]",0.399207798587223,2.0,2.0,2.0,2.0,2.0,0.2255734193559148,0.0390036492341368
132,000132.jpg,1920,1080,1,901.5956420898438,215.9105529785156,1133.723876953125,763.2174682617188,"[1078.36328125, 294.8597106933594, 2.0, 1094.3841552734375, 283.4034118652344, 2.0, 1067.6444091796875, 282.3920593261719, 2.0, 1108.963623046875, 282.07098388671875, 2.0, 1043.2176513671875, 278.6284484863281, 2.0, 1084.52294921875, 326.1902160644531, 2.0, 1014.249267578125, 339.08367919921875, 2.0, 1094.7481689453125, 396.06512451171875, 2.0, 1037.6370849609375, 434.197998046875, 2.0, 1099.8717041015625, 423.3898620605469, 2.0, 1087.7999267578125, 427.972900390625, 2.0, 1009.2969360351562, 443.4767761230469, 2.0, 960.4052734375, 451.4416198730469, 2.0, 1063.06396484375, 556.2781982421875, 2.0, 1014.2596435546875, 577.8143310546875, 2.0, 1018.1237182617188, 665.8027954101562, 2.0, 993.7714233398438, 709.9193725585938, 2.0]",0.4172829220081136,2.0,2.0,2.0,2.0,2.0,0.2505027658597601,0.1607851576930246
133,000133.jpg,1920,1080,1,901.9251708984376,197.3547515869141,1174.310302734375,765.8968505859375,"[1098.20458984375, 277.3852233886719, 2.0, 1110.06591796875, 268.9122009277344, 2.0, 1090.1326904296875, 263.37518310546875, 2.0, 1106.8199462890625, 265.738037109375, 2.0, 1058.2584228515625, 251.56358337402344, 2.0, 1065.772216796875, 316.9576416015625, 2.0, 1030.855712890625, 291.3078308105469, 2.0, 1084.781982421875, 401.76031494140625, 2.0, 1071.26220703125, 351.3021545410156, 2.0, 1116.7178955078125, 440.63079833984375, 2.0, 1120.072998046875, 376.16156005859375, 2.0, 988.1385498046875, 448.03125, 2.0, 964.1159057617188, 439.2298278808594, 2.0, 1025.551025390625, 565.182373046875, 2.0, 1028.59033203125, 566.0289916992188, 2.0, 988.100341796875, 685.43798828125, 2.0, 1022.09716796875, 710.8186645507812, 2.0]",0.4337386971811712,2.0,2.0,2.0,2.0,2.0,0.7531579671573139,0.3440041220463115
134,000134.jpg,1920,1080,1,901.1971435546876,196.25555419921875,1157.27197265625,770.2108154296875,"[1122.32177734375, 268.2900390625, 2.0, 1126.2589111328125, 260.6401672363281, 0.0, 1117.80908203125, 257.12603759765625, 2.0, 1110.6839599609375, 261.1995544433594, 0.0, 1086.96923828125, 248.63685607910156, 2.0, 1069.550537109375, 319.0794982910156, 2.0, 1040.7454833984375, 271.33502197265625, 2.0, 1089.6090087890625, 398.5324401855469, 2.0, 1037.817626953125, 284.9991455078125, 2.0, 1102.5234375, 388.8380126953125, 2.0, 1084.0225830078125, 313.6369323730469, 2.0, 978.58740234375, 451.2644348144531, 2.0, 962.0355834960938, 437.7958679199219, 2.0, 999.357421875, 572.26806640625, 2.0, 1032.4638671875, 583.359375, 2.0, 974.6360473632812, 684.0451049804688, 2.0, 1024.5904541015625, 727.616455078125, 2.0]",0.429853100758822,2.0,2.0,2.0,2.0,2.0,1.8243848695529008,0.6311334699254314
135,000135.jpg,1920,1080,1,898.8931884765625,196.418701171875,1170.6927490234375,771.1126098632812,"[1137.8153076171875, 267.9120178222656, 2.0, 1147.116455078125, 262.28375244140625, 2.0, 1131.0189208984375, 255.92144775390625, 2.0, 1141.5618896484375, 268.70050048828125, 0.0, 1095.229736328125, 250.6042022705078, 2.0, 1101.8052978515625, 325.0452880859375, 2.0, 1040.0467529296875, 283.14166259765625, 2.0, 1106.01611328125, 383.3871765136719, 2.0, 1039.982666015625, 310.51556396484375, 2.0, 1089.336669921875, 371.5133056640625, 2.0, 1091.966064453125, 343.71917724609375, 2.0, 994.0155639648438, 457.07330322265625, 2.0, 955.8056030273438, 440.619873046875, 2.0, 1007.3325805664062, 584.1677856445312, 2.0, 1024.9677734375, 578.39208984375, 2.0, 953.5181274414062, 687.3369750976562, 2.0, 1018.4249877929688, 707.6430053710938, 2.0]",0.4353471937921885,2.0,2.0,2.0,2.0,2.0,0.6337882780282268,0.3954877616946518
136,000136.jpg,1920,1080,1,910.2617797851562,187.87098693847656,1183.2086181640625,771.9834594726562,"[1151.217041015625, 257.215576171875, 2.0, 1157.692626953125, 249.39413452148438, 2.0, 1145.5435791015625, 245.85035705566406, 2.0, 1145.2025146484375, 256.4600830078125, 0.0, 1111.1968994140625, 243.209716796875, 2.0, 1116.6639404296875, 313.71063232421875, 2.0, 1029.56689453125, 273.61944580078125, 2.0, 1110.126953125, 347.197265625, 2.0, 954.6610717773438, 263.4416809082031, 2.0, 1081.577880859375, 336.9716491699219, 2.0, 1033.7060546875, 286.5014953613281, 2.0, 1024.6549072265625, 459.9652404785156, 2.0, 972.3277587890625, 449.09619140625, 2.0, 1024.7039794921875, 582.9423217773438, 2.0, 1020.9559936523438, 587.4832763671875, 2.0, 997.1640625, 694.0089721679688, 2.0, 1026.4705810546875, 714.6244506835938, 2.0]",0.4404984000425126,2.0,2.0,2.0,2.0,2.0,0.4435431430556754,0.2033686687717179
42,000042.jpg,1920,1080,4,1408.3184814453125,107.62802124023438,1563.5787353515625,583.5787353515625,"[1535.4554443359375, 163.70187377929688, 2.0, 1536.9500732421875, 155.36553955078125, 0.0, 1529.436767578125, 153.62013244628906, 2.0, 1513.7578125, 157.90065002441406, 0.0, 1504.985107421875, 152.6593475341797, 2.0, 1488.8109130859375, 198.3680877685547, 2.0, 1477.74755859375, 198.1217803955078, 2.0, 1495.55517578125, 251.98480224609375, 2.0, 1494.8349609375, 261.0172119140625, 2.0, 1517.1029052734375, 244.84292602539062, 2.0, 1529.8106689453125, 258.7850036621094, 2.0, 1468.9456787109375, 329.1717224121094, 2.0, 1460.1082763671875, 331.5700378417969, 2.0, 1475.65625, 439.39544677734375, 2.0, 1469.72607421875, 442.3473205566406, 2.0, 1469.104736328125, 536.012451171875, 2.0, 1456.8826904296875, 544.2227783203125, 2.0]",0.4400421011762443,2.0,2.0,2.0,2.0,2.0,0.0836643689164177,0.2618805276919121
102,000102.jpg,1920,1080,4,1526.8499755859375,453.6517639160156,1879.25732421875,879.6353759765625,"[1672.5286865234375, 519.15185546875, 2.0, 1684.9346923828125, 507.8375244140625, 2.0, 1662.888916015625, 507.5296325683594, 2.0, 1709.3280029296875, 509.4563903808594, 2.0, 1647.40576171875, 509.9493713378906, 2.0, 1746.464111328125, 547.7223510742188, 2.0, 1624.20703125, 557.5083618164062, 2.0, 1811.1112060546875, 607.5618896484375, 2.0, 1577.8785400390625, 627.0042114257812, 2.0, 1803.1370849609375, 684.6036376953125, 2.0, 1589.7877197265625, 691.4741821289062, 2.0, 1747.5087890625, 642.5328369140625, 2.0, 1654.8861083984375, 645.9754028320312, 2.0, 1800.875244140625, 734.48681640625, 2.0, 1590.5936279296875, 738.7511596679688, 2.0, 1842.262939453125, 879.6722412109375, 2.0, 1559.05078125, 876.7308349609375, 2.0]",0.7971938768064569,2.0,2.0,2.0,2.0,2.0,0.0707479076600885,0.0371415877945409
107,000107.jpg,1920,1080,4,1588.5543212890625,386.6863403320313,1920.0,889.6323852539062,"[1742.8031005859375, 449.8143310546875, 2.0, 1755.5194091796875, 436.2955627441406, 2.0, 1731.4395751953125, 438.71478271484375, 2.0, 1783.59521484375, 444.6140441894531, 2.0, 1722.1282958984375, 451.1763916015625, 2.0, 1824.041748046875, 514.6206665039062, 2.0, 1703.5526123046875, 523.966796875, 2.0, 1858.883056640625, 608.3692016601562, 2.0, 1674.7025146484375, 622.0921630859375, 2.0, 1829.984619140625, 659.3766479492188, 2.0, 1687.048095703125, 701.7410888671875, 2.0, 1819.0167236328125, 669.2230834960938, 2.0, 1723.923095703125, 672.6931762695312, 2.0, 1882.6085205078125, 760.1774291992188, 2.0, 1657.52197265625, 769.8373413085938, 2.0, 1920.0, 880.5580444335938, 2.0, 1606.1832275390625, 896.5389404296875, 2.0]",0.8237336900499131,2.0,2.0,2.0,2.0,2.0,0.0702960054505218,0.0364666728370534
109,000109.jpg,1920,1080,4,1658.83154296875,322.8216857910156,1920.0,902.0282592773438,"[1711.153564453125, 382.4427795410156, 2.0, 1724.9232177734375, 368.78961181640625, 2.0, 1702.9581298828125, 372.94683837890625, 2.0, 1763.8905029296875, 373.8175964355469, 2.0, 1704.20703125, 384.01019287109375, 2.0, 1817.8507080078125, 441.4989013671875, 2.0, 1698.941162109375, 462.9396057128906, 2.0, 1871.4686279296875, 531.09765625, 2.0, 1687.082275390625, 564.44921875, 2.0, 1883.571533203125, 614.5115356445312, 2.0, 1678.137939453125, 630.9146118164062, 2.0, 1828.3077392578125, 635.0842895507812, 2.0, 1741.4150390625, 643.0159301757812, 2.0, 1870.6409912109375, 785.8154907226562, 2.0, 1711.8201904296875, 789.7271118164062, 2.0, 1920.0, 915.2246704101562, 2.0, 1720.6322021484375, 912.6622924804688, 2.0]",0.8352113511827257,2.0,2.0,2.0,2.0,2.0,0.0790408074170958,0.0909018958254699
110,000110.jpg,1920,1080,4,1638.899169921875,336.6312561035156,1917.250244140625,941.6182861328124,"[1691.66650390625, 403.152587890625, 2.0, 1705.880126953125, 389.5483093261719, 2.0, 1680.9136962890625, 392.7190246582031, 2.0, 1738.8399658203125, 394.1976318359375, 2.0, 1675.1646728515625, 401.9293518066406, 2.0, 1781.284423828125, 464.0943603515625, 2.0, 1669.3642578125, 481.688232421875, 2.0, 1843.9691162109375, 552.9430541992188, 2.0, 1658.65478515625, 585.1014404296875, 2.0, 1862.2646484375, 624.2850341796875, 2.0, 1655.448974609375, 663.2865600585938, 2.0, 1790.187744140625, 644.6301879882812, 2.0, 1711.18408203125, 654.0181884765625, 2.0, 1836.1483154296875, 792.8660888671875, 2.0, 1708.5234375, 803.835205078125, 2.0, 1894.606689453125, 928.185791015625, 2.0, 1725.7239990234375, 938.337890625, 2.0]",0.8706201239271854,2.0,2.0,2.0,2.0,2.0,0.0673303411589622,0.1179982670586861
70,000070.jpg,1920,1080,9,1268.0126953125,560.9498291015625,1458.6348876953125,847.2392578125,"[1291.984130859375, 594.6596069335938, 2.0, 1297.0546875, 588.5260620117188, 2.0, 1292.6121826171875, 588.6220092773438, 2.0, 1314.461181640625, 589.7061767578125, 2.0, 1304.7802734375, 589.6851196289062, 0.0, 1330.8232421875, 616.7783203125, 2.0, 1317.5904541015625, 613.9293212890625, 2.0, 1362.70654296875, 649.9796142578125, 2.0, 1310.3173828125, 638.9970092773438, 2.0, 1362.873779296875, 661.8883666992188, 2.0, 1293.9097900390625, 636.8087158203125, 2.0, 1350.63232421875, 697.4306640625, 2.0, 1338.395263671875, 695.7240600585938, 2.0, 1353.35009765625, 748.3563232421875, 2.0, 1301.0302734375, 746.0175170898438, 2.0, 1434.342529296875, 794.46484375, 2.0, 1339.7764892578125, 788.5094604492188, 2.0]",0.5959745079428992,2.0,2.0,2.0,2.0,2.0,0.9433322302815494,0.1381139725399105
49,000049.jpg,1920,1080,28,1302.9910888671875,446.1136779785156,1439.557373046875,825.0205688476562,"[1335.66357421875, 482.9922180175781, 0.0, 1335.98095703125, 475.305908203125, 0.0, 1338.584228515625, 473.94207763671875, 0.0, 1337.760986328125, 482.6915588378906, 2.0, 1370.248291015625, 478.25299072265625, 2.0, 1331.28125, 529.2412109375, 2.0, 1394.991943359375, 521.5759887695312, 2.0, 1325.1417236328125, 593.07861328125, 2.0, 1422.2845458984375, 578.842529296875, 2.0, 1315.663818359375, 644.1813354492188, 2.0, 1427.70166015625, 625.6268920898438, 2.0, 1352.3031005859375, 632.625732421875, 2.0, 1392.191162109375, 629.2752685546875, 2.0, 1346.1529541015625, 714.438232421875, 2.0, 1377.776123046875, 712.111328125, 2.0, 1358.537841796875, 793.5064086914062, 2.0, 1381.1436767578125, 788.687255859375, 2.0]",0.5727548431712821,2.0,2.0,2.0,2.0,2.0,0.0509026955629266,0.0836998093137969
51,000051.jpg,1920,1080,30,822.984619140625,276.6913146972656,992.248779296875,647.35205078125,"[959.6561279296875, 329.27850341796875, 2.0, 968.247314453125, 322.5003356933594, 2.0, 957.0278930664062, 317.59185791015625, 2.0, 964.7796630859375, 317.5162353515625, 0.0, 943.5188598632812, 304.5403747558594, 2.0, 938.4710083007812, 338.5851745605469, 2.0, 909.7959594726562, 325.0495910644531, 2.0, 936.5952758789062, 412.6890869140625, 2.0, 912.5419921875, 399.6257629394531, 2.0, 943.0368041992188, 458.0464172363281, 2.0, 937.2156372070312, 458.6393737792969, 2.0, 877.4725952148438, 418.4638366699219, 2.0, 854.2197875976562, 413.7500915527344, 2.0, 911.716552734375, 517.7533569335938, 2.0, 879.5572509765625, 514.2526245117188, 2.0, 919.019775390625, 610.867431640625, 2.0, 870.4465942382812, 608.6041870117188, 2.0]",0.3097676900863348,2.0,2.0,2.0,2.0,2.0,0.058230466496628,0.1986677449307664
53,000053.jpg,1920,1080,30,732.1842651367188,267.763916015625,1037.3077392578125,846.593994140625,"[875.5333251953125, 329.8358459472656, 2.0, 889.5830078125, 323.2378845214844, 2.0, 876.6688842773438, 318.57861328125, 2.0, 922.3546752929688, 332.1600341796875, 2.0, 883.2713623046875, 322.1691589355469, 0.0, 960.0100708007812, 374.7122497558594, 2.0, 854.624267578125, 372.13714599609375, 2.0, 1017.822509765625, 407.24114990234375, 2.0, 852.955078125, 417.9534606933594, 2.0, 986.0852661132812, 367.7344970703125, 2.0, 934.124267578125, 385.6503601074219, 2.0, 920.3626708984375, 530.8817749023438, 2.0, 839.8524780273438, 526.6168212890625, 2.0, 958.0903930664062, 658.3760375976562, 2.0, 807.8134155273438, 662.993408203125, 2.0, 957.438232421875, 792.5718994140625, 2.0, 774.5809936523438, 805.7378540039062, 2.0]",0.4235042930802727,2.0,2.0,2.0,2.0,2.0,0.0884382532376451,0.0528992532685143
72,000072.jpg,1920,1080,30,810.3964233398438,214.35415649414065,1078.117431640625,936.6970825195312,"[149.88587951660156, 28.062286376953125, 0.0, 139.074951171875, 13.819473266601562, 0.0, 164.4466552734375, 8.186279296875, 0.0, 88.29611206054688, 5.9962005615234375, 0.0, 201.07179260253906, 0.0, 0.0, 64.9932861328125, 88.28581237792969, 2.0, 262.55560302734375, 62.576568603515625, 2.0, 35.13585662841797, 270.5562744140625, 2.0, 348.9791259765625, 214.52023315429688, 2.0, 55.66941833496094, 417.383544921875, 2.0, 355.0310974121094, 355.1344299316406, 2.0, 157.1205596923828, 373.4552307128906, 2.0, 287.6175231933594, 359.41973876953125, 2.0, 131.82765197753906, 648.3324584960938, 2.0, 278.0506896972656, 613.1036376953125, 2.0, 136.5247344970703, 888.0890502929688, 2.0, 278.4837646484375, 843.4279174804688, 2.0]",0.4870126605088848,2.0,2.0,2.0,2.0,2.0,0.168945666215177,0.1069366080868645
86,000086.jpg,1920,1080,30,845.2394409179688,336.2044372558594,1073.1282958984375,782.666015625,"[306.7755126953125, 34.61933135986328, 0.0, 305.4307556152344, 28.78549575805664, 0.0, 302.13836669921875, 30.604665756225586, 0.0, 310.09130859375, 17.10428237915039, 0.0, 290.3557434082031, 19.360370635986328, 0.0, 336.1603088378906, 2.212368965148926, 0.0, 265.74664306640625, 5.260168075561523, 0.0, 345.42791748046875, 21.72963523864746, 2.0, 259.78350830078125, 30.715850830078125, 2.0, 326.69732666015625, 41.65180206298828, 2.0, 282.6470947265625, 50.72545623779297, 2.0, 334.28082275390625, 27.67888069152832, 2.0, 273.7521667480469, 29.767009735107422, 2.0, 381.09600830078125, 100.42008209228516, 2.0, 233.73257446289062, 102.72773742675781, 2.0, 400.8650207519531, 181.7628173828125, 2.0, 191.76626586914062, 185.05628967285156, 2.0]",0.4050448724948283,2.0,2.0,2.0,2.0,2.0,0.0542950302546062,0.0344771099395387
87,000087.jpg,1920,1080,30,902.4691772460938,341.7066345214844,1087.3126220703125,866.70703125,"[942.7125244140625, 401.4198303222656, 2.0, 951.0863037109375, 392.8535461425781, 2.0, 936.35107421875, 393.88970947265625, 2.0, 978.3395385742188, 397.6278991699219, 2.0, 942.5717163085938, 401.4270935058594, 0.0, 1025.9764404296875, 445.0110168457031, 2.0, 943.2420043945312, 450.38726806640625, 2.0, 1034.0982666015625, 458.3527526855469, 2.0, 926.1141967773438, 469.5894470214844, 2.0, 991.5924682617188, 428.1317138671875, 2.0, 948.0932006835938, 432.10748291015625, 2.0, 1038.5611572265625, 599.7839965820312, 2.0, 991.12158203125, 597.2742919921875, 2.0, 995.3230590820312, 708.8538818359375, 2.0, 994.7272338867188, 685.8041381835938, 2.0, 983.712890625, 811.3604736328125, 2.0, 1030.778076171875, 764.8767700195312, 2.0]",0.4544663844112721,2.0,2.0,2.0,2.0,2.0,0.604635975513569,0.052828195992403
52,000052.jpg,1920,1080,32,1135.3421630859375,0.0,1487.6715087890625,193.9814300537109,"[1331.007568359375, 21.94497299194336, 0.0, 1331.035400390625, 12.931560516357422, 0.0, 1321.5819091796875, 16.58444595336914, 0.0, 1344.758544921875, 16.509143829345703, 0.0, 1301.1207275390625, 24.856292724609375, 0.0, 1368.28125, 16.08907127380371, 0.0, 1282.634521484375, 0.0, 0.0, 1367.2738037109375, 38.13177490234375, 0.0, 1252.258056640625, 0.0, 0.0, 1338.073974609375, 13.48414421081543, 0.0, 1289.9417724609375, 0.0, 0.0, 1362.77197265625, 0.0, 2.0, 1286.282470703125, 0.0, 2.0, 1406.7254638671875, 52.678619384765625, 2.0, 1219.3428955078125, 44.11720275878906, 2.0, 1449.01220703125, 163.37461853027344, 2.0, 1169.4786376953125, 151.2242431640625, 2.0]",0.1391689075641706,2.0,2.0,2.0,2.0,2.0,0.1511670705168807,0.0
73,000073.jpg,1920,1080,44,2.941497802734375,1.892120361328125,409.5780334472656,933.3319702148438,"[109.135986328125, 27.066741943359375, 0.0, 106.72236633300781, 9.139617919921875, 0.0, 124.31037139892578, 5.7904815673828125, 0.0, 103.974609375, 11.566864013671875, 2.0, 201.71690368652344, 0.0, 0.0, 93.3899917602539, 108.87171936035156, 2.0, 287.851318359375, 75.81660461425781, 2.0, 47.896568298339844, 285.5054931640625, 2.0, 364.1546630859375, 231.5921630859375, 2.0, 49.86284637451172, 429.9633483886719, 2.0, 356.69580078125, 371.63739013671875, 2.0, 162.8013916015625, 368.1413269042969, 2.0, 286.6890563964844, 348.5708312988281, 2.0, 139.48350524902344, 655.5764770507812, 2.0, 247.3427276611328, 610.3123168945312, 2.0, 144.52438354492188, 901.3452758789062, 2.0, 242.89596557617188, 834.9031372070312, 2.0]",0.1843519834654984,2.0,2.0,2.0,2.0,2.0,0.1889344221740749,0.1560335601628562
76,000076.jpg,1920,1080,44,0.0008468627929687,22.9464111328125,374.13482666015625,962.7139892578124,"[92.26904296875, 81.0322036743164, 0.0, 90.4394760131836, 62.15174102783203, 0.0, 104.40521240234375, 64.10094451904297, 0.0, 80.4909896850586, 58.069610595703125, 2.0, 174.10357666015625, 58.507598876953125, 2.0, 46.366756439208984, 129.2975616455078, 2.0, 255.989501953125, 126.73956298828125, 2.0, 16.123191833496094, 241.60208129882812, 2.0, 335.9158630371094, 274.0104675292969, 2.0, 37.21705627441406, 262.6333312988281, 2.0, 334.1321716308594, 383.5957336425781, 2.0, 99.87906646728516, 383.4009094238281, 2.0, 231.2097930908203, 383.2131042480469, 2.0, 95.81160736083984, 634.4328002929688, 2.0, 198.21327209472656, 650.2177734375, 2.0, 100.77005767822266, 851.8588256835938, 2.0, 187.2148895263672, 895.4549560546875, 2.0]",0.1737002466696948,2.0,2.0,2.0,2.0,2.0,0.1368362757582513,0.0014300046804027
77,000077.jpg,1920,1080,44,0.0,3.3182373046875,374.6106262207031,952.0847778320312,"[113.58584594726562, 65.50799560546875, 0.0, 111.8328628540039, 48.01007080078125, 0.0, 126.26831817626953, 46.73565673828125, 0.0, 92.9770736694336, 44.833831787109375, 2.0, 189.4705047607422, 40.13758850097656, 2.0, 59.63642120361328, 128.97921752929688, 2.0, 264.30633544921875, 115.06558227539062, 2.0, 20.109352111816406, 250.78591918945312, 2.0, 333.7232666015625, 263.6087951660156, 2.0, 44.80016326904297, 280.83209228515625, 2.0, 336.867919921875, 371.0504455566406, 2.0, 100.32417297363281, 391.08673095703125, 2.0, 236.98306274414062, 378.95068359375, 2.0, 73.73236083984375, 647.9298095703125, 2.0, 225.8641815185547, 618.7454223632812, 2.0, 74.8538818359375, 875.731201171875, 2.0, 234.33233642578125, 841.7880249023438, 2.0]",0.1720009041468249,2.0,2.0,2.0,2.0,2.0,0.1323899412816405,0.0884566355092851
78,000078.jpg,1920,1080,44,0.0,1.15557861328125,445.8980712890625,973.0977172851562,"[142.99813842773438, 56.04620361328125, 0.0, 147.54800415039062, 39.297637939453125, 0.0, 151.42543029785156, 39.713470458984375, 0.0, 143.89427185058594, 45.18310546875, 2.0, 212.29632568359375, 47.7960205078125, 2.0, 105.36847686767578, 124.24701690673828, 2.0, 298.4896545410156, 140.74005126953125, 2.0, 6.254859924316406, 174.5183868408203, 2.0, 385.39556884765625, 262.4178771972656, 2.0, 3.157745361328125, 228.81602478027344, 2.0, 412.77862548828125, 360.61962890625, 2.0, 153.47483825683594, 404.3896179199219, 2.0, 278.3162841796875, 400.4993896484375, 2.0, 126.62519073486328, 655.548583984375, 2.0, 275.15679931640625, 610.506591796875, 2.0, 121.65962982177734, 888.6654663085938, 2.0, 311.0592041015625, 813.4002685546875, 2.0]",0.209250769344734,2.0,2.0,2.0,2.0,2.0,0.340736896914186,0.031145984591544
79,000079.jpg,1920,1080,44,18.586349487304688,0.302398681640625,494.7739562988281,969.1060791015624,"[227.5220489501953, 52.811279296875, 0.0, 231.2468719482422, 35.274261474609375, 0.0, 240.03561401367188, 39.04779052734375, 0.0, 212.25750732421875, 41.920074462890625, 2.0, 295.3641052246094, 47.602386474609375, 0.0, 159.48390197753906, 124.2095718383789, 2.0, 374.080322265625, 147.4548797607422, 2.0, 81.44357299804688, 227.220947265625, 2.0, 454.25006103515625, 272.0992126464844, 2.0, 58.28295135498047, 343.1162414550781, 2.0, 440.633544921875, 380.30419921875, 2.0, 209.17153930664062, 400.1271057128906, 2.0, 346.3026123046875, 410.69622802734375, 2.0, 149.01979064941406, 624.859375, 2.0, 285.7972717285156, 673.4793701171875, 2.0, 161.6186065673828, 815.3602294921875, 2.0, 304.6188659667969, 896.4175415039062, 2.0]",0.2312347843510441,2.0,2.0,2.0,2.0,2.0,0.2691290983329631,0.0768446780177787
81,000081.jpg,1920,1080,44,151.7889404296875,50.06515502929688,670.1494140625,1052.162841796875,"[321.66619873046875, 152.62344360351562, 2.0, 338.9340515136719, 131.24249267578125, 2.0, 323.16497802734375, 131.82476806640625, 2.0, 378.4131774902344, 144.21258544921875, 2.0, 385.6517028808594, 141.33993530273438, 2.0, 323.47265625, 254.8526611328125, 2.0, 510.4835205078125, 244.83041381835938, 2.0, 205.85601806640625, 360.74176025390625, 2.0, 613.8933715820312, 350.8851013183594, 2.0, 204.88706970214844, 464.09814453125, 2.0, 620.6556396484375, 446.68121337890625, 2.0, 372.0067443847656, 512.8771362304688, 2.0, 495.84375, 504.6718444824219, 2.0, 301.333740234375, 758.02978515625, 2.0, 481.8040771484375, 741.2723388671875, 2.0, 278.1847229003906, 992.1060791015625, 2.0, 508.5475158691406, 965.9357299804688, 2.0]",0.3400396951815734,2.0,2.0,2.0,2.0,2.0,0.1459964140271968,0.0661133017063272
117,000117.jpg,1920,1080,61,821.096923828125,271.8417663574219,1059.7618408203125,770.2496948242188,"[1033.79833984375, 342.3088073730469, 2.0, 1040.0833740234375, 334.7580871582031, 2.0, 1028.6134033203125, 330.2369384765625, 2.0, 1026.0987548828125, 333.7957763671875, 0.0, 996.7142944335938, 322.0078430175781, 2.0, 985.04248046875, 383.3534851074219, 2.0, 952.6094970703125, 346.8471984863281, 2.0, 984.1968383789062, 442.46502685546875, 2.0, 938.8717041015625, 368.67169189453125, 2.0, 1009.8323974609375, 458.35382080078125, 2.0, 982.516357421875, 409.52325439453125, 2.0, 896.7598266601562, 495.6968994140625, 2.0, 877.1995849609375, 482.4985656738281, 2.0, 923.8709106445312, 608.3505859375, 2.0, 937.7149658203125, 605.6656494140625, 2.0, 882.4288940429688, 701.6798095703125, 2.0, 916.1854858398438, 721.549072265625, 2.0]",0.3936541447136371,2.0,2.0,2.0,2.0,2.0,0.9052019665860848,0.5593085408694615
159,000159.jpg,1920,1080,68,841.5419311523438,299.2166748046875,1148.8961181640625,982.3419799804688,"[1014.71630859375, 385.1800537109375, 2.0, 1036.9075927734375, 373.4843444824219, 2.0, 1001.7312622070312, 366.5385437011719, 2.0, 1064.93359375, 380.4909973144531, 2.0, 978.7705078125, 365.7615966796875, 2.0, 1065.793701171875, 446.7373352050781, 2.0, 954.4349365234375, 435.16864013671875, 2.0, 1105.3985595703125, 547.248291015625, 2.0, 1023.1842651367188, 541.6669921875, 2.0, 1081.208984375, 551.9762573242188, 2.0, 1103.634033203125, 529.4546508789062, 2.0, 976.9720458984375, 617.3079833984375, 2.0, 893.0702514648438, 607.01513671875, 2.0, 1031.3134765625, 777.9741821289062, 2.0, 916.7239379882812, 760.4686889648438, 2.0, 994.5538940429688, 953.1124877929688, 2.0, 891.37060546875, 947.2078857421875, 2.0]",0.5442751193620562,2.0,2.0,2.0,2.0,2.0,0.1696566585360825,0.1217630331998417
160,000160.jpg,1920,1080,67,133.15150451660156,3.95068359375,580.5823974609375,976.8175048828124,"[353.18804931640625, 79.43133544921875, 0.0, 350.6662292480469, 61.91203308105469, 0.0, 361.371826171875, 62.14732360839844, 0.0, 320.35284423828125, 68.35084533691406, 2.0, 412.6125183105469, 69.31233215332031, 2.0, 279.4598693847656, 156.19891357421875, 2.0, 480.48431396484375, 168.64471435546875, 2.0, 207.69039916992188, 271.59625244140625, 2.0, 533.2348022460938, 313.1972351074219, 2.0, 166.365478515625, 355.512451171875, 2.0, 525.9642944335938, 429.42218017578125, 2.0, 344.1274719238281, 418.67041015625, 2.0, 473.29205322265625, 423.9317321777344, 2.0, 303.020263671875, 653.7119750976562, 2.0, 432.7245788574219, 673.9610595703125, 2.0, 299.8574523925781, 855.6538696289062, 2.0, 416.8368835449219, 886.3731079101562, 2.0]",0.2734968406957341,2.0,2.0,2.0,2.0,2.0,0.113634395029374,0.0406994076290617
161,000161.jpg,1920,1080,67,168.46646118164062,5.954864501953125,623.5453491210938,978.9867553710938,"[407.2967834472656, 66.04911804199219, 0.0, 403.2398376464844, 46.648773193359375, 0.0, 412.4267578125, 49.5758056640625, 0.0, 361.7550964355469, 48.237762451171875, 2.0, 451.3678894042969, 56.66697692871094, 2.0, 304.8372802734375, 134.85086059570312, 2.0, 512.4457397460938, 154.06814575195312, 2.0, 236.27894592285156, 267.3453369140625, 2.0, 571.5908813476562, 294.9057922363281, 2.0, 201.74647521972656, 359.5320739746094, 2.0, 577.75, 395.2152099609375, 2.0, 345.4817199707031, 394.819091796875, 2.0, 478.99871826171875, 406.8851623535156, 2.0, 310.91754150390625, 620.1820068359375, 2.0, 448.56494140625, 665.6592407226562, 2.0, 309.638671875, 818.6499633789062, 2.0, 429.17559814453125, 885.4610595703125, 2.0]",0.2943878463362246,2.0,2.0,2.0,2.0,2.0,0.2428685625667965,0.090003591144921
163,000163.jpg,1920,1080,67,265.329345703125,8.857635498046875,662.0359497070312,992.2894287109376,"[591.0842895507812, 84.21075439453125, 2.0, 587.4724731445312, 64.58821105957031, 0.0, 583.3185424804688, 62.01727294921875, 2.0, 507.21331787109375, 60.76043701171875, 2.0, 555.8007202148438, 69.14140319824219, 2.0, 406.6670227050781, 148.0250244140625, 2.0, 579.6725463867188, 173.84912109375, 2.0, 311.8118896484375, 247.4523162841797, 2.0, 609.6405029296875, 298.6638488769531, 2.0, 328.3644104003906, 353.4378662109375, 2.0, 624.644775390625, 391.9412841796875, 2.0, 415.01068115234375, 423.432861328125, 2.0, 528.5228271484375, 427.060546875, 2.0, 414.88677978515625, 680.2041015625, 2.0, 550.7503051757812, 645.3652954101562, 2.0, 406.29473876953125, 925.2938232421875, 2.0, 552.6822509765625, 845.0490112304688, 2.0]",0.3168071346069121,2.0,2.0,2.0,2.0,2.0,0.3287619346204948,0.0319419780052051
167,000167.jpg,1920,1080,67,385.2073974609375,8.565948486328125,1225.5882568359375,1063.3287353515625,"[925.3386840820312, 23.19451904296875, 0.0, 909.0340576171875, 0.0, 0.0, 924.7235107421875, 0.0, 0.0, 748.7570190429688, 0.0, 0.0, 879.1572875976562, 13.343902587890625, 2.0, 580.1251831054688, 137.74673461914062, 2.0, 892.2149658203125, 164.80734252929688, 2.0, 446.78167724609375, 421.1349792480469, 2.0, 973.1156616210938, 413.1863098144531, 2.0, 556.35009765625, 553.8226928710938, 2.0, 1125.1021728515625, 504.5859680175781, 2.0, 577.5809326171875, 682.0486450195312, 2.0, 766.0314331054688, 696.8653564453125, 2.0, 619.9860229492188, 1080.0, 2.0, 835.6926879882812, 1080.0, 2.0, 585.1776123046875, 1080.0, 0.0, 750.2611694335938, 1080.0, 0.0]",0.6284737708348203,2.0,2.0,2.0,2.0,2.0,0.0570707379297721,0.0783815810122954
118,000118.jpg,1920,1080,76,614.7412719726562,776.8680419921875,829.4254760742188,933.6486206054688,"[1025.666259765625, 330.4950256347656, 2.0, 1027.646728515625, 322.3379211425781, 0.0, 1023.0018920898438, 317.7147216796875, 2.0, 1008.9747314453125, 328.511962890625, 0.0, 995.075927734375, 313.6938171386719, 2.0, 998.3336791992188, 384.3053283691406, 2.0, 905.1680297851562, 342.2964782714844, 2.0, 1005.7846069335938, 439.4570617675781, 2.0, 810.0645141601562, 357.8978576660156, 2.0, 983.4476318359375, 401.75390625, 2.0, 893.9631958007812, 363.153076171875, 2.0, 924.2772827148438, 539.3563842773438, 2.0, 868.7067260742188, 528.269775390625, 2.0, 920.5680541992188, 656.8441772460938, 2.0, 910.8265380859375, 659.7476806640625, 2.0, 892.0226440429688, 777.6963500976562, 2.0, 900.6461791992188, 790.6776123046875, 2.0]",0.3734529087730172,2.0,2.0,2.0,2.0,2.0,0.3620029163327586,0.1956459818074196
138,000138.jpg,1920,1080,78,1699.95263671875,620.9710693359375,1920.0,1076.830078125,"[686.7171630859375, 666.0463256835938, 0.0, 680.5223388671875, 652.626708984375, 0.0, 685.4907836914062, 652.8607788085938, 0.0, 622.228271484375, 658.9237060546875, 2.0, 678.6202392578125, 663.4280395507812, 2.0, 577.7631225585938, 731.378662109375, 2.0, 703.9315795898438, 734.1690673828125, 2.0, 532.2681884765625, 839.9315795898438, 2.0, 769.3302612304688, 833.0103149414062, 2.0, 539.0674438476562, 940.6974487304688, 2.0, 809.3245849609375, 928.584228515625, 2.0, 615.6806030273438, 914.9183349609375, 2.0, 688.2459106445312, 914.9956665039062, 2.0, 641.2127075195312, 1066.55029296875, 2.0, 679.013671875, 1061.3797607421875, 2.0, 654.116455078125, 1080.0, 0.0, 654.896240234375, 1080.0, 0.0]",0.9970648871527776,2.0,2.0,2.0,2.0,2.0,0.0977253351219346,0.0010656667205043
338,000338.jpg,1920,1080,82,985.6023559570312,329.8614807128906,1223.813720703125,855.9413452148438,"[1017.022705078125, 374.42852783203125, 0.0, 1012.7274169921875, 366.6697082519531, 0.0, 1023.17529296875, 364.865234375, 0.0, 1008.06103515625, 369.73553466796875, 2.0, 1056.681884765625, 364.9786376953125, 2.0, 1016.0516967773438, 420.0372619628906, 2.0, 1096.461669921875, 400.5953063964844, 2.0, 1012.324462890625, 497.7196960449219, 2.0, 1159.3529052734375, 462.5223083496094, 2.0, 1022.9881591796875, 534.87744140625, 2.0, 1185.7357177734375, 487.7208557128906, 2.0, 1069.294189453125, 560.291015625, 2.0, 1117.199462890625, 553.0834350585938, 2.0, 1091.9853515625, 682.970703125, 2.0, 1124.122802734375, 674.424560546875, 2.0, 1098.9422607421875, 801.01171875, 2.0, 1109.8443603515625, 800.9820556640625, 2.0]",0.5051662627271488,2.0,2.0,2.0,2.0,2.0,0.0665092841152367,0.1487772539935856
339,000339.jpg,1920,1080,82,948.9847412109376,224.35775756835935,1219.587890625,862.7389526367188,"[991.0711669921875, 416.7730407714844, 2.0, 988.0899047851562, 410.2625427246094, 0.0, 992.5510864257812, 406.0209045410156, 0.0, 990.6615600585938, 414.13690185546875, 2.0, 1019.5926513671875, 398.68353271484375, 0.0, 1010.8839721679688, 462.6295166015625, 2.0, 1075.2176513671875, 401.4266052246094, 2.0, 1036.9344482421875, 543.1948852539062, 2.0, 1122.8115234375, 348.91876220703125, 2.0, 1031.318115234375, 571.1724243164062, 2.0, 1110.39453125, 271.19873046875, 2.0, 1118.6849365234375, 563.2621459960938, 2.0, 1156.7109375, 546.6210327148438, 2.0, 1119.2127685546875, 700.435546875, 2.0, 1161.2083740234375, 691.0140991210938, 2.0, 1149.576171875, 827.8103637695312, 2.0, 1176.696533203125, 819.9056396484375, 2.0]",0.5074199360562488,2.0,2.0,2.0,2.0,2.0,0.1755931678733847,0.4009049789963543
341,000341.jpg,1920,1080,82,986.8071899414062,366.5354919433594,1352.3343505859375,872.84716796875,"[1010.1265869140625, 434.31280517578125, 2.0, 1010.5618286132812, 425.617431640625, 2.0, 1010.1700439453125, 423.8799133300781, 0.0, 1019.8342895507812, 406.5119323730469, 2.0, 1025.173828125, 404.1816101074219, 0.0, 1052.9278564453125, 414.5466613769531, 2.0, 1089.270263671875, 419.1302795410156, 2.0, 1100.9945068359375, 498.6037902832031, 2.0, 1118.660400390625, 521.954345703125, 2.0, 1113.2476806640625, 604.4613647460938, 2.0, 1111.0732421875, 620.5917358398438, 2.0, 1193.8935546875, 487.46185302734375, 2.0, 1221.3211669921875, 488.09503173828125, 2.0, 1138.431884765625, 669.8671875, 2.0, 1208.16943359375, 639.0948486328125, 2.0, 1199.4033203125, 824.8998413085938, 2.0, 1317.0069580078125, 754.2466430664062, 2.0]",0.5692424807367835,2.0,2.0,2.0,2.0,2.0,1.4243829947108817,0.023078457451524
347,000347.jpg,1920,1080,82,1097.5675048828125,32.69329833984375,1849.20166015625,927.4696655273438,"[1262.752685546875, 137.47032165527344, 2.0, 1263.7822265625, 124.67774963378906, 2.0, 1266.52587890625, 118.57699584960938, 0.0, 1280.33837890625, 107.2510986328125, 2.0, 1311.919921875, 90.51406860351562, 0.0, 1309.9517822265625, 157.8007049560547, 2.0, 1417.5638427734375, 138.7423095703125, 2.0, 1260.575439453125, 313.87213134765625, 2.0, 1471.5926513671875, 324.04608154296875, 2.0, 1131.9769287109375, 387.8374328613281, 2.0, 1419.28125, 446.7944641113281, 2.0, 1533.8148193359375, 318.31915283203125, 2.0, 1602.0565185546875, 310.0075988769531, 2.0, 1503.1746826171875, 601.6402587890625, 2.0, 1646.4927978515625, 545.3038330078125, 2.0, 1568.4019775390625, 843.9560546875, 2.0, 1771.202392578125, 744.9386596679688, 2.0]",0.8271018736678848,2.0,2.0,2.0,2.0,2.0,0.6621042182361934,0.1209006196633339
349,000349.jpg,1920,1080,82,1348.143798828125,9.042022705078123,1920.0,835.2374877929688,"[1372.6109619140625, 105.6214599609375, 0.0, 1359.1578369140625, 92.43514251708984, 0.0, 1385.9930419921875, 93.840087890625, 0.0, 1356.7193603515625, 44.03931427001953, 2.0, 1443.231201171875, 45.61802673339844, 0.0, 1408.0828857421875, 36.96251678466797, 2.0, 1554.1912841796875, 29.365631103515625, 2.0, 1506.3812255859375, 169.8526153564453, 2.0, 1629.62890625, 140.76971435546875, 2.0, 1575.6082763671875, 361.2894592285156, 2.0, 1643.89501953125, 319.7702331542969, 2.0, 1645.1715087890625, 180.2259063720703, 2.0, 1760.1322021484375, 183.30960083007812, 2.0, 1547.2933349609375, 467.794677734375, 2.0, 1777.9013671875, 451.6768798828125, 2.0, 1637.489501953125, 705.13623046875, 2.0, 1920.0, 649.2376098632812, 2.0]",0.7733680442527489,2.0,2.0,2.0,2.0,2.0,0.3027279875493839,0.0268140245959923
143,000143.jpg,1920,1080,84,841.6367797851562,193.03614807128903,1026.6885986328125,655.4088134765625,"[991.0565795898438, 252.3508758544922, 2.0, 995.4409790039062, 245.1555633544922, 2.0, 988.07470703125, 240.92477416992188, 2.0, 978.3407592773438, 239.81309509277344, 0.0, 960.6735229492188, 228.3592071533203, 2.0, 944.09326171875, 276.2734680175781, 2.0, 929.6129150390625, 257.87493896484375, 2.0, 951.7236328125, 333.06329345703125, 2.0, 947.1054077148438, 297.8191223144531, 2.0, 979.5335693359375, 345.9534912109375, 2.0, 986.2241821289062, 317.92852783203125, 2.0, 897.632080078125, 394.4993591308594, 2.0, 885.5354614257812, 389.8054504394531, 2.0, 933.6817016601562, 503.3570251464844, 2.0, 922.2666015625, 504.85467529296875, 2.0, 918.7673950195312, 604.2249755859375, 2.0, 909.8690795898438, 622.3949584960938, 2.0]",0.3245084665508518,2.0,2.0,2.0,2.0,2.0,0.4699984211122503,0.3617266189589601
144,000144.jpg,1920,1080,84,783.528076171875,151.05404663085938,1021.49267578125,756.3760986328125,"[937.6427001953125, 212.1751708984375, 2.0, 954.5570678710938, 207.49197387695312, 2.0, 935.8599243164062, 202.93116760253906, 2.0, 985.9751586914062, 221.9128875732422, 2.0, 938.4141235351562, 211.20169067382812, 0.0, 968.003173828125, 273.40155029296875, 2.0, 906.23876953125, 247.6222686767578, 2.0, 912.9700927734375, 257.0826416015625, 2.0, 828.9551391601562, 206.94918823242188, 2.0, 849.4882202148438, 213.263916015625, 2.0, 835.1898193359375, 187.6705322265625, 2.0, 886.3799438476562, 426.6559143066406, 2.0, 842.6939086914062, 414.4042053222656, 2.0, 891.6629028320312, 562.2122802734375, 2.0, 866.2269287109375, 554.5179443359375, 2.0, 876.9202880859375, 702.0875244140625, 2.0, 855.2567749023438, 700.7589111328125, 2.0]",0.3726044776665771,2.0,2.0,2.0,2.0,2.0,0.1414289264609723,0.2700249253176064
145,000145.jpg,1920,1080,84,649.5192260742188,177.2422637939453,937.7817993164062,882.0267333984375,"[893.4025268554688, 255.96475219726562, 2.0, 900.8424682617188, 248.0336151123047, 2.0, 888.4466552734375, 240.68087768554688, 2.0, 894.18994140625, 259.6109924316406, 0.0, 856.8485107421875, 239.060546875, 2.0, 896.5103759765625, 320.6729736328125, 2.0, 757.3861694335938, 290.85626220703125, 2.0, 883.3472900390625, 381.2710876464844, 2.0, 661.5916748046875, 334.75909423828125, 2.0, 793.0829467773438, 336.1828918457031, 2.0, 727.7608642578125, 306.9275817871094, 2.0, 835.8451538085938, 522.7290649414062, 2.0, 741.015869140625, 514.416015625, 2.0, 845.7857666015625, 673.350830078125, 2.0, 735.1848754882812, 675.4091796875, 2.0, 806.8438720703125, 819.6793823242188, 2.0, 715.4944458007812, 834.4883422851562, 2.0]",0.3988949735202348,2.0,2.0,2.0,2.0,2.0,0.1066169569343403,0.0873274852663629
283,000283.jpg,1920,1080,94,249.2451019287109,158.2188720703125,618.3040161132812,907.410888671875,"[491.36090087890625, 248.29623413085938, 2.0, 486.3666076660156, 236.52842712402344, 0.0, 484.8173522949219, 232.9478302001953, 2.0, 447.580810546875, 226.91500854492188, 0.0, 458.7880554199219, 216.9261474609375, 2.0, 397.2313232421875, 285.18878173828125, 2.0, 442.6910095214844, 253.04005432128906, 2.0, 465.8470458984375, 392.1779479980469, 2.0, 537.1102905273438, 327.48394775390625, 2.0, 508.8102111816406, 423.1747741699219, 2.0, 571.9329223632812, 356.0130615234375, 2.0, 315.5825500488281, 477.79901123046875, 2.0, 355.85723876953125, 466.396728515625, 2.0, 349.4808044433594, 649.64111328125, 2.0, 474.80126953125, 634.1995239257812, 2.0, 312.267333984375, 834.3113403320312, 2.0, 501.3166809082031, 822.6680297851562, 2.0]",0.2705708896270938,2.0,2.0,2.0,2.0,2.0,0.7293419421368762,0.2723996966854781
284,000284.jpg,1920,1080,94,384.8365173339844,176.2122802734375,718.661376953125,951.1184692382812,"[618.9530029296875, 265.7205810546875, 2.0, 614.6361083984375, 255.36553955078125, 2.0, 608.4779663085938, 249.4086151123047, 2.0, 580.0045166015625, 248.89146423339844, 0.0, 566.9080200195312, 236.3057098388672, 2.0, 535.5546875, 326.71856689453125, 2.0, 544.708740234375, 267.16717529296875, 2.0, 581.5406494140625, 425.8699035644531, 2.0, 573.4832153320312, 305.5506591796875, 2.0, 656.85107421875, 419.9879455566406, 2.0, 611.8829956054688, 351.61651611328125, 2.0, 462.1648864746094, 518.9263916015625, 2.0, 482.3509826660156, 491.0682067871094, 2.0, 466.39984130859375, 689.1505126953125, 2.0, 595.869873046875, 630.4368896484375, 2.0, 412.7884826660156, 883.9981079101562, 2.0, 588.8997802734375, 805.2357788085938, 2.0]",0.3296354691108852,2.0,2.0,2.0,2.0,2.0,0.2753615562549462,0.8097400372927297
286,000286.jpg,1920,1080,94,336.77197265625,198.6810302734375,656.4782104492188,950.2346801757812,"[574.6351928710938, 281.27178955078125, 2.0, 569.1026000976562, 268.3695373535156, 2.0, 562.0005493164062, 266.22021484375, 2.0, 533.0313720703125, 256.4173278808594, 0.0, 519.1806030273438, 257.3003234863281, 2.0, 500.32977294921875, 323.4151306152344, 2.0, 481.55438232421875, 297.09246826171875, 2.0, 506.1156005859375, 391.14801025390625, 2.0, 474.43817138671875, 365.931884765625, 2.0, 589.695068359375, 384.42462158203125, 2.0, 547.8521118164062, 401.2980651855469, 2.0, 432.7637634277344, 520.3548583984375, 2.0, 440.06982421875, 499.262451171875, 2.0, 413.4602966308594, 707.6079711914062, 2.0, 551.7261352539062, 612.7163696289062, 2.0, 364.6172180175781, 896.2402954101562, 2.0, 585.6046142578125, 737.5546875, 2.0]",0.3008335080770556,2.0,2.0,2.0,2.0,2.0,1.301953801231245,0.944876659283636
287,000287.jpg,1920,1080,94,305.1034240722656,166.568115234375,631.964599609375,943.320556640625,"[544.5306396484375, 252.6123046875, 2.0, 534.4497680664062, 241.2992401123047, 0.0, 540.9179077148438, 239.66001892089844, 2.0, 489.43450927734375, 238.559326171875, 0.0, 520.194091796875, 238.70797729492188, 2.0, 478.5399169921875, 302.3639831542969, 2.0, 466.0038757324219, 280.7095947265625, 2.0, 493.8238220214844, 379.4991149902344, 2.0, 440.2745666503906, 354.821533203125, 2.0, 550.2467651367188, 370.0223083496094, 2.0, 526.0643920898438, 385.4387512207031, 2.0, 423.5499572753906, 498.35833740234375, 2.0, 438.49871826171875, 484.2496337890625, 2.0, 396.5409851074219, 669.9102172851562, 2.0, 557.6145629882812, 602.9075317382812, 2.0, 348.8105163574219, 853.5510864257812, 2.0, 593.1375732421875, 740.7449340820312, 2.0]",0.2874928616322749,2.0,2.0,2.0,2.0,2.0,0.2691757690019052,0.6863440090274393
288,000288.jpg,1920,1080,94,296.23736572265625,163.63430786132812,659.4746704101562,940.3253173828124,"[535.2113647460938, 236.26194763183594, 2.0, 540.2880859375, 226.85565185546875, 2.0, 522.753173828125, 223.3076629638672, 2.0, 535.0171508789062, 230.2982635498047, 2.0, 496.6658020019531, 224.7410888671875, 2.0, 521.6243286132812, 309.7199401855469, 2.0, 453.3886413574219, 281.2740783691406, 2.0, 513.4404296875, 396.8851318359375, 2.0, 435.83734130859375, 356.5225524902344, 2.0, 522.6026000976562, 408.50372314453125, 2.0, 520.212158203125, 376.05517578125, 2.0, 445.224365234375, 492.9224853515625, 2.0, 424.8653259277344, 475.0664978027344, 2.0, 404.2463684082031, 667.2406005859375, 2.0, 552.0421752929688, 595.0220947265625, 2.0, 334.60150146484375, 853.6732788085938, 2.0, 619.817138671875, 738.1156005859375, 2.0]",0.2990551353970659,2.0,2.0,2.0,2.0,2.0,0.1567965468013746,0.6593546401492727
289,000289.jpg,1920,1080,94,290.79498291015625,191.10296630859372,711.808837890625,964.0928344726562,"[545.3933715820312, 262.73468017578125, 2.0, 538.5569458007812, 252.78895568847656, 0.0, 535.1478881835938, 250.93936157226562, 2.0, 507.76806640625, 256.04205322265625, 0.0, 498.5111389160156, 254.72021484375, 2.0, 508.14727783203125, 326.4666748046875, 2.0, 443.0511779785156, 318.10980224609375, 2.0, 559.8777465820312, 392.8622131347656, 2.0, 450.3992614746094, 406.6992492675781, 2.0, 549.4559936523438, 343.40802001953125, 2.0, 539.318115234375, 386.24591064453125, 2.0, 450.73553466796875, 534.9135131835938, 2.0, 435.9388732910156, 527.2481689453125, 2.0, 412.61859130859375, 707.0313720703125, 2.0, 588.8034057617188, 658.73388671875, 2.0, 332.2143249511719, 889.9703979492188, 2.0, 653.7243041992188, 803.6434936523438, 2.0]",0.330946084165056,2.0,2.0,2.0,2.0,2.0,1.5208539602399018,0.4599585400617562
294,000294.jpg,1920,1080,119,1441.59814453125,630.9713745117188,1703.7147216796875,934.5115356445312,"[1560.232666015625, 683.1151123046875, 0.0, 1557.2098388671875, 674.5694580078125, 0.0, 1565.6312255859375, 672.8330078125, 0.0, 1547.6240234375, 680.6128540039062, 2.0, 1594.7008056640625, 678.0028076171875, 2.0, 1527.3321533203125, 735.3389282226562, 2.0, 1626.1817626953125, 733.9017333984375, 2.0, 1484.66015625, 807.2583618164062, 2.0, 1665.8265380859375, 810.5202026367188, 2.0, 1458.087158203125, 874.88623046875, 2.0, 1689.1864013671875, 883.2667236328125, 2.0, 1558.437744140625, 897.3038330078125, 2.0, 1623.3282470703125, 896.2570190429688, 2.0, 1527.2548828125, 967.94189453125, 2.0, 1632.4534912109375, 967.3148803710938, 2.0, 1531.6292724609375, 1033.5911865234375, 0.0, 1651.7784423828125, 1031.471923828125, 0.0]",0.7678149406139467,2.0,2.0,2.0,2.0,2.0,0.0858749819752484,0.0161296584913657
216,000216.jpg,1920,1080,126,1439.577392578125,474.18695068359375,1609.81201171875,845.9188842773438,"[1489.1729736328125, 510.80438232421875, 0.0, 1492.137451171875, 503.2901306152344, 0.0, 1492.06396484375, 502.0890197753906, 0.0, 1499.462158203125, 508.2366943359375, 2.0, 1524.5584716796875, 505.1925964355469, 2.0, 1493.7958984375, 549.2779541015625, 2.0, 1551.94091796875, 545.693603515625, 2.0, 1476.8572998046875, 606.2041625976562, 2.0, 1579.620849609375, 601.9131469726562, 2.0, 1462.1610107421875, 652.6588745117188, 2.0, 1584.8367919921875, 645.8515014648438, 2.0, 1514.377197265625, 652.3634643554688, 2.0, 1555.8114013671875, 650.103515625, 2.0, 1485.871826171875, 739.42529296875, 2.0, 1561.1185302734375, 737.8536987304688, 2.0, 1477.369140625, 819.5880126953125, 2.0, 1573.7281494140625, 815.2816772460938, 2.0]",0.6567179691596216,2.0,2.0,2.0,2.0,2.0,0.0891411693201221,0.054460807633835
179,000179.jpg,1920,1080,130,807.1362915039062,259.6893310546875,1038.5152587890625,673.5552978515625,"[960.7736206054688, 310.2109680175781, 2.0, 963.3814697265625, 300.9163513183594, 2.0, 956.5621948242188, 301.75250244140625, 2.0, 938.3640747070312, 296.057861328125, 0.0, 930.3864135742188, 298.4698181152344, 2.0, 896.2124633789062, 327.46124267578125, 2.0, 909.8311157226562, 331.673583984375, 2.0, 906.3746948242188, 355.9679260253906, 2.0, 943.0579833984375, 363.3779602050781, 2.0, 975.17578125, 404.0159912109375, 2.0, 1006.9202270507812, 423.2632141113281, 2.0, 847.470947265625, 437.7959289550781, 2.0, 852.8544311523438, 442.1025695800781, 2.0, 874.43798828125, 537.1089477539062, 2.0, 875.3322143554688, 549.1527709960938, 2.0, 871.9326782226562, 616.8701171875, 2.0, 862.9237670898438, 639.501953125, 2.0]",0.3373348063546776,2.0,2.0,2.0,2.0,2.0,0.9391346459036528,0.6245914940024767
180,000180.jpg,1920,1080,130,691.2994995117188,276.5859069824219,908.9155883789062,821.4087524414062,"[892.2335815429688, 346.5965881347656, 2.0, 896.5607299804688, 338.0923156738281, 2.0, 884.6192016601562, 337.1424560546875, 2.0, 887.521240234375, 343.05712890625, 0.0, 851.1337890625, 338.7462463378906, 2.0, 868.2967529296875, 390.9136962890625, 2.0, 791.470703125, 376.8173522949219, 2.0, 857.87109375, 393.02886962890625, 2.0, 752.2276000976562, 370.4484558105469, 2.0, 802.140625, 339.3957824707031, 2.0, 788.2357788085938, 346.29638671875, 2.0, 793.17626953125, 543.8013305664062, 2.0, 741.2913818359375, 538.78125, 2.0, 802.3306274414062, 657.8984985351562, 2.0, 772.2916259765625, 660.3162841796875, 2.0, 776.9205322265625, 764.6260986328125, 2.0, 763.0862426757812, 778.5249633789062, 2.0]",0.3600459199097531,2.0,2.0,2.0,2.0,2.0,0.2103003026233983,0.0963026269545857
219,000219.jpg,1920,1080,138,823.3363037109375,6.9312744140625,1004.17529296875,250.79063415527344,"[963.3233642578125, 9.812576293945312, 0.0, 964.4165649414062, 3.618255615234375, 0.0, 959.2399291992188, 4.882747650146484, 0.0, 972.6224365234375, 0.0, 0.0, 951.6615600585938, 0.0, 0.0, 998.0121459960938, 0.0, 0.0, 919.6761474609375, 0.0, 0.0, 993.0225219726562, 15.07474136352539, 2.0, 894.0744018554688, 10.708648681640625, 2.0, 961.7042236328125, 49.96084213256836, 2.0, 923.8818969726562, 43.98677444458008, 2.0, 971.1502685546875, 33.78532791137695, 2.0, 912.4910888671875, 31.848403930664062, 2.0, 974.185546875, 129.1256866455078, 2.0, 887.8680419921875, 127.19924926757812, 2.0, 933.372802734375, 220.44287109375, 2.0, 840.531982421875, 218.85540771484375, 2.0]",0.1214495363265288,2.0,2.0,2.0,2.0,2.0,0.0526502844601716,0.0330014149318104
220,000220.jpg,1920,1080,138,888.5753173828125,0.8448028564453125,1184.522216796875,259.5321655273437,"[1052.7352294921875, 11.81707763671875, 0.0, 1052.1748046875, 4.8064727783203125, 0.0, 1047.8038330078125, 7.477718353271484, 0.0, 1057.4903564453125, 0.0, 0.0, 1033.3719482421875, 0.0, 0.0, 1080.7406005859375, 0.0, 0.0, 995.5005493164062, 0.0, 0.0, 1091.0723876953125, 10.318473815917969, 2.0, 968.0758666992188, 14.502216339111328, 2.0, 1081.9139404296875, 54.235382080078125, 2.0, 994.6587524414062, 40.58950424194336, 2.0, 1063.00927734375, 23.544593811035156, 2.0, 990.92236328125, 27.25257110595703, 2.0, 1123.300537109375, 116.13970947265625, 2.0, 955.7546997070312, 120.92472839355469, 2.0, 1141.8553466796875, 229.78436279296875, 2.0, 907.940185546875, 237.52447509765625, 2.0]",0.1482550231677,2.0,2.0,2.0,2.0,2.0,0.144599823385242,0.0513689679094822
265,000265.jpg,1920,1080,146,1208.7147216796875,3.869842529296875,1507.8011474609375,251.39735412597656,"[1346.375732421875, 18.30187225341797, 0.0, 1347.7200927734375, 13.327079772949219, 0.0, 1343.8399658203125, 13.779870986938477, 0.0, 1356.32666015625, 8.739103317260742, 0.0, 1335.1929931640625, 8.297475814819336, 0.0, 1383.661865234375, 6.903087615966797, 2.0, 1307.8245849609375, 7.373868942260742, 2.0, 1394.897216796875, 38.392459869384766, 2.0, 1297.3551025390625, 42.727684020996094, 2.0, 1365.29296875, 54.50064468383789, 2.0, 1312.4368896484375, 63.989627838134766, 2.0, 1383.2320556640625, 54.25686264038086, 2.0, 1318.3914794921875, 54.90510559082031, 2.0, 1425.632080078125, 124.96621704101562, 2.0, 1267.3563232421875, 125.07728576660156, 2.0, 1474.552734375, 220.26809692382812, 2.0, 1248.204345703125, 219.6814727783203, 2.0]",0.1828015138019826,2.0,2.0,2.0,2.0,2.0,0.066632959433245,0.0099968352986445
266,000266.jpg,1920,1080,146,1262.2757568359375,1.9262237548828125,1611.3720703125,212.09701538085935,"[1443.4437255859375, 28.34905242919922, 0.0, 1448.624755859375, 19.793426513671875, 0.0, 1436.8076171875, 21.853649139404297, 0.0, 1467.7535400390625, 23.773475646972656, 0.0, 1417.4661865234375, 26.388336181640625, 0.0, 1483.950439453125, 18.73220443725586, 0.0, 1386.072021484375, 2.879619598388672, 0.0, 1506.297607421875, 49.94930648803711, 0.0, 1340.2578125, 4.414787292480469, 0.0, 1526.222900390625, 78.11865234375, 0.0, 1343.61328125, 25.216718673706055, 0.0, 1462.8154296875, 0.0, 2.0, 1380.737060546875, 0.0, 2.0, 1522.6846923828125, 52.27324676513672, 2.0, 1328.8077392578125, 50.26982116699219, 2.0, 1573.950927734375, 169.71121215820312, 2.0, 1307.6715087890625, 171.55224609375, 2.0]",0.1648182903073676,2.0,2.0,2.0,2.0,2.0,0.0877589287539755,0.0
383,000383.jpg,1920,1080,148,558.4912719726562,218.29348754882807,1250.1102294921875,1070.3514404296875,"[844.6430053710938, 339.1003112792969, 2.0, 845.9459838867188, 321.9933166503906, 2.0, 863.4867553710938, 315.9671630859375, 0.0, 864.1539916992188, 341.1479187011719, 2.0, 969.2635498046875, 313.5022888183594, 2.0, 856.4301147460938, 475.5306091308594, 2.0, 1073.5635986328125, 406.1326904296875, 2.0, 778.899169921875, 640.5308837890625, 2.0, 1200.39306640625, 444.2572021484375, 2.0, 670.6045532226562, 700.4608154296875, 2.0, 1193.2880859375, 351.3157653808594, 2.0, 938.4959716796875, 818.9373779296875, 2.0, 1061.9561767578125, 794.47265625, 2.0, 918.6024780273438, 1078.764892578125, 2.0, 986.1886596679688, 1064.6529541015625, 2.0, 972.7868041992188, 1080.0, 0.0, 973.1707763671875, 1080.0, 0.0]",0.6452822554170766,2.0,2.0,2.0,2.0,2.0,0.1590248114340172,0.1943776323930224
385,000385.jpg,1920,1080,148,395.4114074707031,155.69970703125,1062.454345703125,1072.91943359375,"[690.3369750976562, 263.9184265136719, 2.0, 691.1751708984375, 245.35015869140625, 2.0, 700.94091796875, 244.66831970214844, 0.0, 712.619384765625, 267.3183288574219, 2.0, 805.0405883789062, 250.98330688476562, 2.0, 698.593505859375, 412.31854248046875, 2.0, 921.3599853515625, 355.0880432128906, 2.0, 636.5286254882812, 592.4977416992188, 2.0, 1037.8524169921875, 407.1474609375, 2.0, 497.6573486328125, 625.1237182617188, 2.0, 996.1934204101562, 329.22015380859375, 2.0, 756.7252807617188, 769.715576171875, 2.0, 903.9195556640625, 753.6557006835938, 2.0, 665.6748657226562, 1010.7520751953125, 2.0, 882.1580810546875, 1020.7479858398438, 2.0, 671.9509887695312, 1080.0, 0.0, 915.5223999023438, 1080.0, 0.0]",0.5497337552136454,2.0,2.0,2.0,2.0,2.0,0.0696780486918274,0.1084622500286107
386,000386.jpg,1920,1080,148,323.4019775390625,163.03143310546875,1007.9631958007812,1067.589111328125,"[622.5174560546875, 280.17828369140625, 2.0, 625.41845703125, 259.1883850097656, 0.0, 640.560546875, 260.97149658203125, 0.0, 646.5737915039062, 275.38397216796875, 2.0, 741.2030639648438, 264.1509704589844, 2.0, 628.328857421875, 416.4623107910156, 2.0, 850.6476440429688, 369.8511657714844, 2.0, 551.5560913085938, 592.9548950195312, 2.0, 953.73046875, 443.5198059082031, 2.0, 407.8879699707031, 653.5658569335938, 2.0, 900.7802734375, 329.42523193359375, 2.0, 683.231201171875, 778.3558959960938, 2.0, 812.62451171875, 761.8444213867188, 2.0, 660.9432373046875, 1026.4853515625, 2.0, 785.3952026367188, 1033.625, 2.0, 726.8021850585938, 1080.0, 0.0, 821.4940795898438, 1080.0, 0.0]",0.5189479805441806,2.0,2.0,2.0,2.0,2.0,0.1840854958254719,0.1265794683769383
387,000387.jpg,1920,1080,148,275.6571350097656,170.57958984375,954.450439453125,1067.5343017578125,"[581.8094482421875, 287.05731201171875, 0.0, 581.4889526367188, 268.7342834472656, 0.0, 595.3983154296875, 267.31134033203125, 0.0, 599.3395385742188, 291.2563781738281, 2.0, 691.6704711914062, 276.2287902832031, 2.0, 571.991943359375, 427.80023193359375, 2.0, 780.024169921875, 388.2947692871094, 2.0, 509.2187194824219, 608.9581909179688, 2.0, 896.8859252929688, 486.728759765625, 2.0, 376.7463684082031, 647.8094482421875, 2.0, 840.6419677734375, 402.42938232421875, 2.0, 596.4932861328125, 767.44580078125, 2.0, 726.7951049804688, 755.7684326171875, 2.0, 580.8538818359375, 1014.3104248046875, 2.0, 712.4425048828125, 1020.107666015625, 2.0, 607.7157592773438, 1080.0, 0.0, 729.9043579101562, 1080.0, 0.0]",0.4913718091454616,2.0,2.0,2.0,2.0,2.0,0.1327656498307705,0.0892594392168243
295,000295.jpg,1920,1080,153,786.955078125,251.33267211914065,1000.031982421875,777.1389770507812,"[962.1123657226562, 308.4766845703125, 2.0, 970.3965454101562, 301.42181396484375, 2.0, 955.4187622070312, 300.50531005859375, 2.0, 967.8621826171875, 311.50848388671875, 2.0, 938.0941772460938, 307.43731689453125, 2.0, 935.7748413085938, 364.6769714355469, 2.0, 915.7753295898438, 342.4941101074219, 2.0, 931.7169799804688, 390.9553527832031, 2.0, 904.7737426757812, 340.70672607421875, 2.0, 923.8857421875, 351.6554260253906, 2.0, 929.0399780273438, 319.5054016113281, 2.0, 858.7710571289062, 487.4024963378906, 2.0, 847.2537841796875, 477.5748596191406, 2.0, 841.4627075195312, 607.9970092773438, 2.0, 871.433349609375, 600.3685913085938, 2.0, 849.1552734375, 731.2361450195312, 2.0, 892.4395751953125, 724.6368408203125, 2.0]",0.3747896565573885,2.0,2.0,2.0,2.0,2.0,0.2193624429946953,0.6490597300768112
296,000296.jpg,1920,1080,153,746.9478759765625,194.050048828125,982.9739379882812,807.3521728515625,"[929.1172485351562, 304.909423828125, 2.0, 945.0597534179688, 296.6234436035156, 2.0, 916.9508666992188, 293.14190673828125, 2.0, 964.1804809570312, 305.52825927734375, 2.0, 895.9098510742188, 293.5629577636719, 2.0, 955.99951171875, 364.1073303222656, 2.0, 857.1387329101562, 327.5113220214844, 2.0, 903.7260131835938, 384.213623046875, 2.0, 810.1854858398438, 294.0067138671875, 2.0, 865.6882934570312, 336.1514587402344, 2.0, 891.7127075195312, 229.55213928222656, 2.0, 918.9005737304688, 524.2745971679688, 2.0, 848.5045776367188, 512.1683349609375, 2.0, 905.57763671875, 643.6968383789062, 2.0, 833.7310791015625, 626.5003051757812, 2.0, 891.5088500976562, 770.7775268554688, 2.0, 842.0442504882812, 752.0641479492188, 2.0]",0.3827190126790586,2.0,2.0,2.0,2.0,2.0,0.0683267088321171,0.169483354276283
406,000406.jpg,1920,1080,159,1713.929443359375,131.33724975585938,1920.0,974.5601806640624,"[1897.224609375, 206.47979736328125, 0.0, 1898.3973388671875, 190.36740112304688, 0.0, 1902.5325927734375, 183.67205810546875, 0.0, 1849.7850341796875, 190.1392822265625, 2.0, 1910.5277099609375, 183.54617309570312, 0.0, 1796.9212646484375, 270.13385009765625, 2.0, 1920.0, 267.4187927246094, 2.0, 1747.1390380859375, 407.78277587890625, 2.0, 1873.3187255859375, 395.914794921875, 0.0, 1824.0931396484375, 438.2503967285156, 2.0, 1866.160888671875, 422.7080383300781, 0.0, 1821.5921630859375, 511.7890625, 2.0, 1902.440185546875, 509.9132995605469, 2.0, 1825.751220703125, 718.2567749023438, 2.0, 1881.5830078125, 708.535400390625, 2.0, 1824.6658935546875, 930.93603515625, 2.0, 1837.451416015625, 907.9193725585938, 2.0]",0.9023705376519098,2.0,2.0,2.0,2.0,2.0,0.0840278794609233,0.0231945698192594
325,000325.jpg,1920,1080,161,852.2316284179688,246.90089416503903,1010.965576171875,631.3119506835938,"[874.1419067382812, 298.0944519042969, 2.0, 878.5933227539062, 289.74298095703125, 2.0, 874.4949340820312, 288.4697570800781, 0.0, 898.644287109375, 284.7764587402344, 2.0, 900.0393676757812, 279.295166015625, 0.0, 909.1137084960938, 317.5675354003906, 2.0, 940.0891723632812, 305.3183288574219, 2.0, 888.0313720703125, 380.06744384765625, 2.0, 946.18603515625, 358.6245422363281, 2.0, 862.197509765625, 404.671630859375, 2.0, 910.4851684570312, 384.6717529296875, 2.0, 965.3206787109375, 415.4908447265625, 2.0, 984.5333862304688, 410.4657287597656, 2.0, 926.4693603515625, 509.70953369140625, 2.0, 944.3007202148438, 502.1600646972656, 2.0, 958.234130859375, 596.2972412109375, 2.0, 969.6262817382812, 580.1654663085938, 2.0]",0.3077906298066308,2.0,2.0,2.0,2.0,2.0,0.089732997530521,0.2530269745123723
346,000346.jpg,1920,1080,161,799.9194946289062,153.04119873046875,1109.2215576171875,861.8578491210938,"[833.3322143554688, 244.01043701171875, 2.0, 843.4597778320312, 226.76573181152344, 2.0, 826.3861083984375, 235.1201171875, 2.0, 885.9368286132812, 214.67486572265625, 2.0, 842.97802734375, 233.1752471923828, 0.0, 942.3432006835938, 254.1418914794922, 2.0, 893.8689575195312, 306.1861267089844, 2.0, 956.0533447265625, 290.24609375, 2.0, 901.5938110351562, 403.2581481933594, 2.0, 901.9047241210938, 364.168212890625, 2.0, 869.003173828125, 456.5340270996094, 2.0, 1031.93896484375, 448.4629211425781, 2.0, 999.28076171875, 466.9162902832031, 2.0, 950.1397705078125, 614.4738159179688, 2.0, 943.83837890625, 632.2891235351562, 2.0, 994.1705932617188, 802.52587890625, 2.0, 1005.645263671875, 806.3530883789062, 2.0]",0.4610297578350205,2.0,2.0,2.0,2.0,2.0,0.2839184946452459,0.4919306873270864
405,000405.jpg,1920,1080,161,1086.70751953125,373.5888977050781,1493.1478271484375,918.945068359375,"[1117.73388671875, 444.8829345703125, 2.0, 1113.19580078125, 434.8131408691406, 2.0, 1113.553955078125, 434.4007873535156, 0.0, 1121.6229248046875, 410.6070556640625, 2.0, 1141.697509765625, 410.5381164550781, 0.0, 1149.6912841796875, 415.1531066894531, 2.0, 1224.3634033203125, 418.2242431640625, 2.0, 1206.0299072265625, 470.6639404296875, 2.0, 1278.9561767578125, 494.2081604003906, 2.0, 1216.482421875, 537.0709838867188, 2.0, 1249.1993408203125, 542.15869140625, 2.0, 1287.4544677734375, 504.9638671875, 2.0, 1345.691650390625, 507.6155090332031, 2.0, 1244.581787109375, 685.376953125, 2.0, 1359.677490234375, 665.9159545898438, 2.0, 1278.3837890625, 852.3184204101562, 2.0, 1437.729248046875, 794.4483032226562, 2.0]",0.6617095062160364,2.0,2.0,2.0,2.0,2.0,0.4549020026280108,0.0454838634252105
409,000409.jpg,1920,1080,161,1424.108642578125,9.690673828125,1920.0,913.0748291015624,"[1452.782958984375, 40.74842834472656, 0.0, 1446.0625, 26.844635009765625, 0.0, 1464.1585693359375, 24.537277221679688, 0.0, 1451.426025390625, 12.2684326171875, 2.0, 1532.63232421875, 7.52655029296875, 0.0, 1491.4727783203125, 64.03669738769531, 2.0, 1630.5677490234375, 65.55606079101562, 2.0, 1523.6746826171875, 172.62278747558594, 2.0, 1729.8599853515625, 180.70126342773438, 2.0, 1560.7705078125, 327.76239013671875, 2.0, 1760.234375, 279.3701171875, 2.0, 1667.1087646484375, 288.2679443359375, 2.0, 1777.3798828125, 287.76904296875, 2.0, 1597.9310302734375, 543.41845703125, 2.0, 1829.5068359375, 486.4923095703125, 2.0, 1634.0501708984375, 791.7451782226562, 2.0, 1920.0, 666.1222534179688, 2.0]",0.8454396565755208,2.0,2.0,2.0,2.0,2.0,0.5342719961880393,0.0045242285131012
410,000410.jpg,1920,1080,161,1442.7452392578125,0.93218994140625,1919.90966796875,1048.7265625,"[1500.438720703125, 58.843231201171875, 0.0, 1490.9227294921875, 43.033447265625, 0.0, 1520.56787109375, 37.576080322265625, 0.0, 1472.7772216796875, 26.127090454101562, 2.0, 1592.608154296875, 15.73004150390625, 0.0, 1498.358642578125, 97.8775634765625, 2.0, 1698.3231201171875, 81.28193664550781, 2.0, 1543.0665283203125, 271.9295959472656, 2.0, 1730.56689453125, 241.5972442626953, 2.0, 1589.3651123046875, 448.06695556640625, 2.0, 1676.5447998046875, 411.4869079589844, 2.0, 1687.7669677734375, 361.6260681152344, 2.0, 1830.563232421875, 352.6830139160156, 2.0, 1687.80078125, 694.5567626953125, 2.0, 1874.1600341796875, 633.9501953125, 2.0, 1757.5430908203125, 991.612060546875, 2.0, 1920.0, 878.483642578125, 2.0]",0.9709974278546408,2.0,2.0,2.0,2.0,2.0,0.3376138390918664,0.062505169199312
411,000411.jpg,1920,1080,161,1358.1253662109375,1.165557861328125,1918.67431640625,1077.35888671875,"[1534.876708984375, 41.85548400878906, 0.0, 1523.4278564453125, 26.043045043945312, 0.0, 1551.6376953125, 23.822982788085938, 0.0, 1480.4334716796875, 29.293991088867188, 2.0, 1605.26220703125, 19.221221923828125, 2.0, 1470.2200927734375, 140.19479370117188, 2.0, 1683.853271484375, 99.67831420898438, 2.0, 1439.2386474609375, 342.347900390625, 2.0, 1811.1875, 263.52056884765625, 2.0, 1415.7672119140625, 488.10186767578125, 2.0, 1840.3231201171875, 456.3439636230469, 2.0, 1593.0684814453125, 439.893310546875, 2.0, 1724.5125732421875, 420.68408203125, 2.0, 1614.540283203125, 734.0744018554688, 2.0, 1747.3572998046875, 654.4021606445312, 2.0, 1772.369140625, 989.1589965820312, 2.0, 1857.8349609375, 863.17041015625, 2.0]",0.9968657530378552,2.0,2.0,2.0,2.0,2.0,0.452658533306872,0.1446028409326947
412,000412.jpg,1920,1080,161,1244.9581298828125,57.8671875,1829.47119140625,1069.4241943359375,"[1536.176513671875, 162.52638244628906, 2.0, 1522.3682861328125, 141.7957305908203, 0.0, 1532.952392578125, 140.70794677734375, 2.0, 1421.2467041015625, 149.94699096679688, 2.0, 1513.0946044921875, 154.69459533691406, 2.0, 1353.48828125, 280.89990234375, 2.0, 1563.35595703125, 278.2896423339844, 2.0, 1287.57861328125, 480.9018249511719, 2.0, 1687.0968017578125, 450.6622314453125, 2.0, 1297.81640625, 649.1781005859375, 2.0, 1768.63623046875, 640.9664306640625, 2.0, 1447.3328857421875, 584.132080078125, 2.0, 1570.659423828125, 583.270751953125, 2.0, 1492.2330322265625, 875.0691528320312, 2.0, 1564.298583984375, 854.7958374023438, 2.0, 1540.4283447265625, 1054.2508544921875, 2.0, 1519.236328125, 1012.9850463867188, 2.0]",0.9435188825860517,2.0,2.0,2.0,2.0,2.0,0.1847215558385012,0.0069838993980238
326,000326.jpg,1920,1080,162,711.6901245117188,0.2376365661621093,983.4834594726562,315.81475830078125,"[850.4877319335938, 35.5524787902832, 2.0, 857.1015014648438, 28.15286636352539, 2.0, 843.5855712890625, 28.714508056640625, 2.0, 868.1204833984375, 30.622089385986328, 2.0, 831.5835571289062, 32.173667907714844, 2.0, 883.2728271484375, 60.747562408447266, 2.0, 815.3251342773438, 62.75786590576172, 2.0, 896.16015625, 112.0513916015625, 2.0, 803.7341918945312, 112.28524780273438, 2.0, 866.0396728515625, 131.93930053710938, 2.0, 831.2283325195312, 129.4734649658203, 2.0, 877.6924438476562, 140.79559326171875, 2.0, 818.5919189453125, 141.0348358154297, 2.0, 925.7005004882812, 198.2454071044922, 2.0, 754.39697265625, 197.1726837158203, 2.0, 973.253173828125, 282.1214904785156, 2.0, 732.1199340820312, 281.4849548339844, 2.0]",0.1497871291696436,2.0,2.0,2.0,2.0,2.0,0.176143034050398,0.0040479597430595
327,000327.jpg,1920,1080,162,718.326416015625,44.04469299316406,1052.7205810546875,432.5750427246094,"[827.735595703125, 95.8311996459961, 2.0, 841.71826171875, 88.17709350585938, 2.0, 822.2241821289062, 85.46905517578125, 2.0, 866.827392578125, 91.35292053222656, 2.0, 813.4404296875, 85.09307861328125, 2.0, 886.29052734375, 125.56272888183594, 2.0, 798.791015625, 126.98274993896484, 2.0, 896.8836059570312, 183.3550567626953, 2.0, 800.0865478515625, 191.72547912597656, 2.0, 866.9447631835938, 200.74557495117188, 2.0, 821.5997924804688, 215.66937255859375, 2.0, 890.818359375, 231.9620819091797, 2.0, 815.2278442382812, 231.73731994628906, 2.0, 955.3810424804688, 287.4259948730469, 2.0, 765.525146484375, 280.7329406738281, 2.0, 1006.1510009765625, 394.2501525878906, 2.0, 758.671875, 388.8444519042969, 2.0]",0.219608724115937,2.0,2.0,2.0,2.0,2.0,0.2027082406481345,0.0029733624061053
345,000345.jpg,1920,1080,165,0.5067672729492188,491.0766906738281,322.3866271972656,856.5325927734375,"[170.53887939453125, 549.5013427734375, 2.0, 181.90316772460938, 539.4153442382812, 2.0, 160.7639617919922, 539.0659790039062, 2.0, 200.78375244140625, 542.6616821289062, 2.0, 145.40464782714844, 541.7565307617188, 2.0, 220.58438110351562, 586.5009155273438, 2.0, 123.07136535644531, 587.8234252929688, 2.0, 224.8842010498047, 654.9488525390625, 2.0, 117.7068862915039, 653.2925415039062, 2.0, 192.9315643310547, 711.8048095703125, 2.0, 158.4350128173828, 699.2691650390625, 2.0, 205.0865936279297, 703.0690307617188, 2.0, 122.80613708496094, 703.2145385742188, 2.0, 273.27978515625, 735.1961059570312, 2.0, 63.250457763671875, 736.658447265625, 2.0, 289.5260925292969, 840.4784545898438, 2.0, 8.094783782958984, 844.99951171875, 2.0]",0.1331667889992079,2.0,2.0,2.0,2.0,2.0,0.0860283948064655,0.0017684128488773
348,000348.jpg,1920,1080,165,0.0,369.4119873046875,245.41799926757807,849.7560424804688,"[64.00276184082031, 442.4638366699219, 2.0, 74.47496795654297, 428.0239562988281, 2.0, 47.5623779296875, 429.053466796875, 2.0, 96.2101821899414, 432.0398254394531, 2.0, 25.2535400390625, 437.3854064941406, 2.0, 123.38651275634766, 497.24609375, 2.0, 6.917060852050781, 502.281005859375, 2.0, 127.5842514038086, 595.0687866210938, 2.0, 3.920328140258789, 605.2540283203125, 2.0, 89.3048095703125, 633.43701171875, 2.0, 36.19975662231445, 623.686767578125, 2.0, 111.21414184570312, 643.6161499023438, 2.0, 26.031984329223633, 644.7426147460938, 2.0, 182.4204864501953, 704.4232788085938, 2.0, 52.88341522216797, 682.7223510742188, 2.0, 206.22166442871094, 842.0220947265625, 2.0, 54.72889709472656, 792.0936279296875, 2.0]",0.1005716762206268,2.0,2.0,2.0,2.0,2.0,0.5531571767780615,0.0132228763649984
355,000355.jpg,1920,1080,173,889.8004760742188,24.371978759765625,1105.3909912109375,689.417236328125,"[921.1150512695312, 179.73037719726562, 2.0, 929.9445190429688, 171.3423614501953, 2.0, 914.7888793945312, 172.95968627929688, 0.0, 953.9093627929688, 169.82684326171875, 2.0, 918.4765014648438, 176.9307861328125, 0.0, 984.9747314453125, 182.37557983398438, 2.0, 937.2133178710938, 225.28134155273438, 2.0, 969.3638916015625, 118.77410888671875, 2.0, 945.8173828125, 225.3332977294922, 2.0, 942.1818237304688, 80.115234375, 2.0, 938.6774291992188, 139.3204345703125, 2.0, 1041.418701171875, 376.04052734375, 2.0, 1003.3953247070312, 391.42364501953125, 2.0, 1030.4569091796875, 505.24951171875, 2.0, 987.3812866210938, 514.636962890625, 2.0, 1019.3966674804688, 631.52490234375, 2.0, 998.1456909179688, 631.1578369140625, 2.0]",0.3675133112570656,2.0,2.0,2.0,2.0,2.0,0.132221650065357,0.375030759994555
468,000468.jpg,1920,1080,180,865.6047973632812,594.2274169921875,1014.4182739257812,937.757080078125,"[1403.2708740234375, 506.7303771972656, 0.0, 1402.1456298828125, 498.6969909667969, 0.0, 1408.3814697265625, 496.5560302734375, 0.0, 1408.06787109375, 501.609375, 2.0, 1442.0435791015625, 494.4845886230469, 0.0, 1408.232666015625, 540.5472412109375, 2.0, 1472.0146484375, 528.5209350585938, 2.0, 1388.7593994140625, 602.1502075195312, 2.0, 1510.6790771484375, 583.7639770507812, 2.0, 1376.263671875, 654.9957275390625, 2.0, 1533.7567138671875, 637.2108764648438, 2.0, 1453.7110595703125, 650.4103393554688, 2.0, 1490.27392578125, 644.8672485351562, 2.0, 1445.7662353515625, 737.8674926757812, 2.0, 1461.2972412109375, 731.955078125, 2.0, 1486.7017822265625, 824.2831420898438, 2.0, 1483.865478515625, 813.6710815429688, 2.0]",0.4587567122562366,2.0,2.0,2.0,2.0,2.0,0.1072082704425613,0.149887570492179
407,000407.jpg,1920,1080,182,682.1634521484375,265.2873229980469,989.1427001953124,903.47900390625,"[947.2644653320312, 358.8431701660156, 2.0, 963.7633666992188, 345.5903625488281, 2.0, 935.2575073242188, 339.64947509765625, 2.0, 966.0873413085938, 349.9542236328125, 2.0, 901.1753540039062, 333.7889099121094, 2.0, 908.2216186523438, 421.8752136230469, 2.0, 868.03369140625, 391.6518859863281, 2.0, 912.5048217773438, 541.9232788085938, 2.0, 911.3670043945312, 490.67431640625, 2.0, 910.4616088867188, 527.6721801757812, 2.0, 944.1383056640625, 487.67578125, 2.0, 793.008056640625, 557.96484375, 2.0, 754.4630126953125, 546.838623046875, 2.0, 864.2340698242188, 708.6344604492188, 2.0, 796.4329833984375, 704.6255493164062, 2.0, 864.2686767578125, 862.223388671875, 2.0, 775.8572998046875, 882.1248779296875, 2.0]",0.4309749524949843,2.0,2.0,2.0,2.0,2.0,0.0843325672447587,0.2773253527156472
393,000393.jpg,1920,1080,183,1189.0228271484375,1.8816375732421875,1482.1160888671875,275.5468139648437,"[1331.7069091796875, 10.303384780883789, 0.0, 1334.4427490234375, 4.015022277832031, 0.0, 1327.973876953125, 4.084894180297852, 0.0, 1342.194091796875, 3.5922489166259766, 0.0, 1318.7369384765625, 3.5074195861816406, 0.0, 1367.7216796875, 22.45030403137207, 2.0, 1297.8887939453125, 23.231718063354492, 2.0, 1390.3433837890625, 68.55048370361328, 2.0, 1296.879638671875, 69.93246459960938, 2.0, 1376.8341064453125, 89.1862564086914, 2.0, 1320.199462890625, 83.48419189453125, 2.0, 1366.490478515625, 100.05839538574219, 2.0, 1307.057861328125, 100.25066375732422, 2.0, 1423.85595703125, 160.3981475830078, 2.0, 1254.0242919921875, 159.7307891845703, 2.0, 1460.161376953125, 248.93824768066406, 2.0, 1214.0882568359375, 248.11575317382812, 2.0]",0.1969484790766728,2.0,2.0,2.0,2.0,2.0,0.0600171717390509,0.0032349935036608
416,000416.jpg,1920,1080,190,799.6792602539062,297.72613525390625,963.4271850585938,649.9951171875,"[1610.6810302734375, 722.8609008789062, 0.0, 1606.584228515625, 714.0673828125, 0.0, 1613.8450927734375, 712.1510620117188, 0.0, 1597.174560546875, 720.1066284179688, 2.0, 1643.478515625, 715.399169921875, 2.0, 1585.1009521484375, 775.972412109375, 2.0, 1678.1719970703125, 769.2539672851562, 2.0, 1554.721923828125, 851.5929565429688, 2.0, 1707.2786865234375, 847.0869750976562, 2.0, 1533.497802734375, 906.4046630859375, 2.0, 1702.3238525390625, 906.8853759765625, 2.0, 1625.531982421875, 926.8319702148438, 2.0, 1688.6485595703125, 923.1407470703125, 2.0, 1598.0185546875, 978.8178100585938, 2.0, 1686.191650390625, 975.374267578125, 2.0, 1608.3787841796875, 1036.242919921875, 0.0, 1704.733642578125, 1030.451416015625, 0.0]",0.3019979581663695,2.0,2.0,2.0,2.0,2.0,0.1032240036425877,0.0583819462648541
418,000418.jpg,1920,1080,190,673.088623046875,293.2429504394531,946.3641967773438,845.53369140625,"[877.68994140625, 354.41033935546875, 2.0, 879.8056640625, 344.9871520996094, 2.0, 870.5755004882812, 346.18780517578125, 2.0, 862.9202880859375, 352.8007507324219, 0.0, 835.4279174804688, 354.100830078125, 2.0, 841.6856689453125, 404.091064453125, 2.0, 789.1607666015625, 416.28564453125, 2.0, 890.7015380859375, 468.4864196777344, 2.0, 842.9866333007812, 499.1142272949219, 2.0, 908.4946899414062, 447.2292785644531, 2.0, 905.9725341796875, 455.3730773925781, 2.0, 768.9315185546875, 549.6461791992188, 2.0, 729.3134765625, 558.0034790039062, 2.0, 833.07568359375, 646.6719360351562, 2.0, 792.2054443359375, 668.2601318359375, 2.0, 817.670166015625, 770.14599609375, 2.0, 779.468994140625, 808.3696899414062, 2.0]",0.3858906311322618,2.0,2.0,2.0,2.0,2.0,0.2623011880288091,0.2063993501759742
435,000435.jpg,1920,1080,190,727.6113891601562,424.3116760253906,1010.609130859375,919.927978515625,"[863.5560302734375, 488.3097839355469, 2.0, 869.0020751953125, 475.9941101074219, 2.0, 857.2562255859375, 478.0477600097656, 2.0, 859.9083251953125, 470.3433837890625, 0.0, 830.5610961914062, 473.3570251464844, 2.0, 843.971923828125, 502.99090576171875, 2.0, 779.37109375, 513.4725952148438, 2.0, 839.7713012695312, 569.9951782226562, 2.0, 756.57958984375, 592.7567138671875, 2.0, 854.5150146484375, 565.2244873046875, 2.0, 829.3777465820312, 580.7078247070312, 2.0, 826.5146484375, 620.3165283203125, 2.0, 769.38427734375, 635.2966918945312, 2.0, 915.3246459960938, 701.9061279296875, 2.0, 777.2437133789062, 744.9899291992188, 2.0, 938.7460327148438, 801.55908203125, 2.0, 751.3438110351562, 874.9396362304688, 2.0]",0.4483447216535964,2.0,2.0,2.0,2.0,2.0,0.1798833135727326,0.2536315331883026
436,000436.jpg,1920,1080,190,747.126953125,398.0318298339844,992.2894287109376,900.48779296875,"[960.5057373046875, 455.97674560546875, 2.0, 961.1840209960938, 442.6572265625, 2.0, 949.4934692382812, 445.12298583984375, 2.0, 947.9998168945312, 436.26702880859375, 0.0, 920.2354125976562, 445.14361572265625, 2.0, 945.91259765625, 482.559814453125, 2.0, 868.9337768554688, 488.40435791015625, 2.0, 919.7354736328125, 543.1605834960938, 2.0, 823.2940063476562, 554.3056640625, 2.0, 942.0322265625, 585.4849853515625, 2.0, 904.2025146484375, 591.2213745117188, 2.0, 907.2346801757812, 624.3325805664062, 2.0, 847.0538330078125, 627.7573852539062, 2.0, 952.4090576171875, 741.3662719726562, 2.0, 849.4343872070312, 734.666015625, 2.0, 934.820068359375, 849.7672119140625, 2.0, 780.628662109375, 832.9771728515625, 2.0]",0.4309146014882976,2.0,2.0,2.0,2.0,2.0,0.307145608829279,0.0568156781023102
417,000417.jpg,1920,1080,191,1180.2437744140625,4.271392822265625,1466.8609619140625,237.01217651367188,"[1329.46142578125, 29.38197898864746, 0.0, 1329.28564453125, 24.026029586791992, 0.0, 1325.3065185546875, 25.768386840820312, 0.0, 1336.0335693359375, 16.530624389648438, 0.0, 1313.8201904296875, 18.25301170349121, 0.0, 1358.8018798828125, 6.941562652587891, 0.0, 1288.757568359375, 8.647315979003906, 0.0, 1361.6448974609375, 22.68977165222168, 0.0, 1279.367431640625, 27.175186157226562, 2.0, 1330.2689208984375, 33.81436538696289, 0.0, 1306.153076171875, 37.289154052734375, 2.0, 1359.947265625, 24.1922607421875, 2.0, 1296.4500732421875, 25.856815338134766, 2.0, 1405.477783203125, 103.78368377685547, 2.0, 1240.84130859375, 105.46051788330078, 2.0, 1443.0430908203125, 204.92056274414062, 2.0, 1204.9248046875, 207.3943634033203, 2.0]",0.1676619932610871,2.0,2.0,2.0,2.0,2.0,0.0851588610274639,0.0262052019283525
